,ID_hecho,FECHA,AAAA,MM,DD,ROL,VICTIMA,SEXO,EDAD,FECHA_FALLECIMIENTO,fecha_incidente_amd,fecha_fallecimiento_amd,Rango_Edad
0,2016-0001,1/1/2016,2016,1,1,CONDUCTOR,MOTO,MASCULINO,19.0,1/1/2016,2016-01-01,2016-01-01,18-29
1,2016-0002,1/2/2016,2016,1,2,CONDUCTOR,AUTO,MASCULINO,70.0,1/2/2016,2016-01-02,2016-01-02,60+
2,2016-0003,1/3/2016,2016,1,3,CONDUCTOR,MOTO,MASCULINO,30.0,1/3/2016,2016-01-03,2016-01-03,30-39
3,2016-0004,1/10/2016,2016,1,10,CONDUCTOR,MOTO,MASCULINO,18.0,SD,2016-01-10,,18-29
4,2016-0005,1/21/2016,2016,1,21,CONDUCTOR,MOTO,MASCULINO,29.0,2/1/2016,2016-01-21,2016-02-01,18-29
5,2016-0008,1/24/2016,2016,1,24,CONDUCTOR,MOTO,MASCULINO,30.0,1/24/2016,2016-01-24,2016-01-24,30-39
6,2016-0009,1/24/2016,2016,1,24,PASAJERO_ACOMPAÑANTE,MOTO,MASCULINO,29.0,1/26/2016,2016-01-24,2016-01-26,18-29
7,2016-0010,1/29/2016,2016,1,29,CONDUCTOR,MOTO,MASCULINO,18.0,1/29/2016,2016-01-29,2016-01-29,18-29
8,2016-0012,2/8/2016,2016,2,8,CONDUCTOR,MOTO,MASCULINO,22.0,2/8/2016,2016-02-08,2016-02-08,18-29
9,2016-0013,2/10/2016,2016,2,10,PEATON,PEATON,MASCULINO,16.0,2/10/2016,2016-02-10,2016-02-10,0-17
10,2016-0015,2/14/2016,2016,2,14,PEATON,PEATON,FEMENINO,16.0,2/14/2016,2016-02-14,2016-02-14,0-17
11,2016-0016,2/14/2016,2016,2,14,PASAJERO_ACOMPAÑANTE,MOTO,FEMENINO,19.0,2/14/2016,2016-02-14,2016-02-14,18-29
12,2016-0017,2/15/2016,2016,2,15,PEATON,PEATON,MASCULINO,59.0,2/16/2016,2016-02-15,2016-02-16,50-59
13,2016-0019,2/17/2016,2016,2,17,PEATON,PEATON,FEMENINO,65.0,2/17/2016,2016-02-17,2016-02-17,60+
14,2016-0020,2/17/2016,2016,2,17,PEATON,PEATON,MASCULINO,59.0,3/2/2016,2016-02-17,2016-03-02,50-59
15,2016-0021,2/17/2016,2016,2,17,CONDUCTOR,AUTO,MASCULINO,34.0,2/17/2016,2016-02-17,2016-02-17,30-39
16,2016-0022,2/21/2016,2016,2,21,PASAJERO_ACOMPAÑANTE,MOTO,MASCULINO,41.0,SD,2016-02-21,,40-49
17,2016-0025,2/28/2016,2016,2,28,PASAJERO_ACOMPAÑANTE,AUTO,MASCULINO,34.0,2/28/2016,2016-02-28,2016-02-28,30-39
18,2016-0026,2/28/2016,2016,2,28,CONDUCTOR,AUTO,MASCULINO,30.0,3/4/2016,2016-02-28,2016-03-04,30-39
19,2016-0027,2/28/2016,2016,2,28,PASAJERO_ACOMPAÑANTE,AUTO,MASCULINO,34.0,SD,2016-02-28,,30-39
20,2016-0028,3/2/2016,2016,3,2,PEATON,PEATON,MASCULINO,50.0,3/2/2016,2016-03-02,2016-03-02,50-59
21,2016-0029,3/4/2016,2016,3,4,PEATON,PEATON,MASCULINO,38.0,3/4/2016,2016-03-04,2016-03-04,30-39
22,2016-0031,3/8/2016,2016,3,8,CONDUCTOR,MOTO,MASCULINO,21.0,SD,2016-03-08,,18-29
23,2016-0034,3/12/2016,2016,3,12,PEATON,PEATON,MASCULINO,52.0,3/12/2016,2016-03-12,2016-03-12,50-59
24,2016-0035,3/13/2016,2016,3,13,CONDUCTOR,MOTO,MASCULINO,34.0,3/13/2016,2016-03-13,2016-03-13,30-39
25,2016-0036,3/14/2016,2016,3,14,PASAJERO_ACOMPAÑANTE,MOTO,MASCULINO,36.0,3/14/2016,2016-03-14,2016-03-14,30-39
26,2016-0037,3/19/2016,2016,3,19,CONDUCTOR,MOTO,MASCULINO,20.0,3/19/2016,2016-03-19,2016-03-19,18-29
27,2016-0038,3/21/2016,2016,3,21,PEATON,PEATON,MASCULINO,29.0,3/21/2016,2016-03-21,2016-03-21,18-29
28,2016-0039,3/23/2016,2016,3,23,CONDUCTOR,MOTO,MASCULINO,20.0,3/23/2016,2016-03-23,2016-03-23,18-29
29,2016-0041,3/29/2016,2016,3,29,CONDUCTOR,MOTO,MASCULINO,54.0,3/29/2016,2016-03-29,2016-03-29,50-59
30,2016-0041,3/29/2016,2016,3,29,PASAJERO_ACOMPAÑANTE,MOTO,MASCULINO,,3/30/2016,2016-03-29,2016-03-30,
31,2016-0043,3/30/2016,2016,3,30,PEATON,PEATON,FEMENINO,56.0,3/30/2016,2016-03-30,2016-03-30,50-59
32,2016-0044,3/31/2016,2016,3,31,CONDUCTOR,MOTO,MASCULINO,24.0,3/31/2016,2016-03-31,2016-03-31,18-29
33,2016-0045,4/11/2016,2016,4,11,CONDUCTOR,MOTO,MASCULINO,,SD,2016-04-11,,
34,2016-0047,4/15/2016,2016,4,15,PEATON,PEATON,MASCULINO,41.0,4/15/2016,2016-04-15,2016-04-15,40-49
35,2016-0048,4/15/2016,2016,4,15,PEATON,PEATON,FEMENINO,,SD,2016-04-15,,
36,2016-0049,4/17/2016,2016,4,17,SD,SD,SD,,SD,2016-04-17,,
37,2016-0050,4/19/2016,2016,4,19,PEATON,PEATON,MASCULINO,78.0,4/19/2016,2016-04-19,2016-04-19,60+
38,2016-0051,4/20/2016,2016,4,20,CONDUCTOR,MOTO,MASCULINO,36.0,4/20/2016,2016-04-20,2016-04-20,30-39
39,2016-0052,4/20/2016,2016,4,20,SD,MOTO,SD,,SD,2016-04-20,,
40,2016-0053,4/22/2016,2016,4,22,PEATON,PEATON,MASCULINO,38.0,4/22/2016,2016-04-22,2016-04-22,30-39
41,2016-0054,4/23/2016,2016,4,23,CONDUCTOR,MOTO,MASCULINO,30.0,4/25/2016,2016-04-23,2016-04-25,30-39
42,2016-0055,4/25/2016,2016,4,25,PEATON,PEATON,MASCULINO,79.0,4/28/2016,2016-04-25,2016-04-28,60+
43,2016-0056,4/26/2016,2016,4,26,CONDUCTOR,MOTO,MASCULINO,26.0,4/26/2016,2016-04-26,2016-04-26,18-29
44,2016-0058,5/4/2016,2016,5,4,PEATON,PEATON,FEMENINO,57.0,5/8/2016,2016-05-04,2016-05-08,50-59
45,2016-0059,5/8/2016,2016,5,8,PEATON,PEATON,MASCULINO,37.0,5/26/2016,2016-05-08,2016-05-26,30-39
46,2016-0064,5/14/2016,2016,5,14,PEATON,PEATON,MASCULINO,20.0,SD,2016-05-14,,18-29
47,2016-0065,5/20/2016,2016,5,20,PEATON,PEATON,MASCULINO,20.0,5/20/2016,2016-05-20,2016-05-20,18-29
48,2016-0067,5/21/2016,2016,5,21,PASAJERO_ACOMPAÑANTE,MOTO,FEMENINO,30.0,SD,2016-05-21,,30-39
49,2016-0068,5/22/2016,2016,5,22,CONDUCTOR,MOTO,MASCULINO,58.0,SD,2016-05-22,,50-59
50,2016-0069,5/23/2016,2016,5,23,CONDUCTOR,AUTO,MASCULINO,30.0,5/23/2016,2016-05-23,2016-05-23,30-39
51,2016-0073,6/11/2016,2016,6,11,CONDUCTOR,MOTO,MASCULINO,23.0,SD,2016-06-11,,18-29
52,2016-0074,6/12/2016,2016,6,12,CONDUCTOR,AUTO,MASCULINO,60.0,SD,2016-06-12,,60+
53,2016-0075,6/12/2016,2016,6,12,PEATON,PEATON,MASCULINO,42.0,6/12/2016,2016-06-12,2016-06-12,40-49
54,2016-0076,6/13/2016,2016,6,13,PEATON,PEATON,FEMENINO,53.0,6/13/2016,2016-06-13,2016-06-13,50-59
55,2016-0077,6/13/2016,2016,6,13,PEATON,PEATON,FEMENINO,,SD,2016-06-13,,
56,2016-0078,6/13/2016,2016,6,13,CONDUCTOR,MOTO,MASCULINO,30.0,SD,2016-06-13,,30-39
57,2016-0079,6/16/2016,2016,6,16,CONDUCTOR,AUTO,FEMENINO,51.0,SD,2016-06-16,,50-59
58,2016-0080,6/18/2016,2016,6,18,CONDUCTOR,AUTO,MASCULINO,60.0,SD,2016-06-18,,60+
59,2016-0081,6/22/2016,2016,6,22,CONDUCTOR,MOTO,MASCULINO,40.0,SD,2016-06-22,,40-49
60,2016-0082,6/27/2016,2016,6,27,PEATON,PEATON,MASCULINO,87.0,7/5/2016,2016-06-27,2016-07-05,60+
61,2016-0083,6/28/2016,2016,6,28,PEATON,PEATON,FEMENINO,76.0,6/29/2016,2016-06-28,2016-06-29,60+
62,2016-0084,6/29/2016,2016,6,29,PEATON,PEATON,MASCULINO,57.0,7/8/2016,2016-06-29,2016-07-08,50-59
63,2016-0085,6/29/2016,2016,6,29,SD,MOTO,MASCULINO,,SD,2016-06-29,,
64,2016-0086,6/30/2016,2016,6,30,PEATON,PEATON,MASCULINO,75.0,7/1/2016,2016-06-30,2016-07-01,60+
65,2016-0087,7/3/2016,2016,7,3,CONDUCTOR,MOTO,MASCULINO,23.0,7/3/2016,2016-07-03,2016-07-03,18-29
66,2016-0088,7/11/2016,2016,7,11,PEATON,PEATON,FEMENINO,70.0,7/14/2016,2016-07-11,2016-07-14,60+
67,2016-0089,7/14/2016,2016,7,14,PEATON,PEATON,MASCULINO,35.0,7/14/2016,2016-07-14,2016-07-14,30-39
68,2016-0090,7/14/2016,2016,7,14,PEATON,PEATON,MASCULINO,60.0,7/15/2016,2016-07-14,2016-07-15,60+
69,2016-0092,7/15/2016,2016,7,15,CONDUCTOR,MOTO,MASCULINO,24.0,7/15/2016,2016-07-15,2016-07-15,18-29
70,2016-0093,7/17/2016,2016,7,17,CONDUCTOR,AUTO,MASCULINO,35.0,7/19/2016,2016-07-17,2016-07-19,30-39
71,2016-0095,7/23/2016,2016,7,23,CONDUCTOR,MOTO,MASCULINO,29.0,7/23/2016,2016-07-23,2016-07-23,18-29
72,2016-0096,7/25/2016,2016,7,25,CONDUCTOR,MOTO,MASCULINO,,SD,2016-07-25,,
73,2016-0097,7/26/2016,2016,7,26,PEATON,PEATON,MASCULINO,80.0,8/12/2016,2016-07-26,2016-08-12,60+
74,2016-0098,7/27/2016,2016,7,27,CONDUCTOR,MOTO,FEMENINO,43.0,SD,2016-07-27,,40-49
75,2016-0099,7/29/2016,2016,7,29,CONDUCTOR,CARGAS,MASCULINO,45.0,SD,2016-07-29,,40-49
76,2016-0100,8/3/2016,2016,8,3,CONDUCTOR,MOTO,MASCULINO,57.0,8/3/2016,2016-08-03,2016-08-03,50-59
77,2016-0101,8/7/2016,2016,8,7,SD,SD,MASCULINO,67.0,SD,2016-08-07,,60+
78,2016-0102,8/10/2016,2016,8,10,CONDUCTOR,MOTO,MASCULINO,29.0,SD,2016-08-10,,18-29
79,2016-0104,8/14/2016,2016,8,14,CONDUCTOR,MOTO,MASCULINO,21.0,8/15/2016,2016-08-14,2016-08-15,18-29
80,2016-0105,8/17/2016,2016,8,17,PEATON,PEATON,MASCULINO,19.0,8/26/2016,2016-08-17,2016-08-26,18-29
81,2016-0106,8/19/2016,2016,8,19,PEATON,PEATON,MASCULINO,38.0,SD,2016-08-19,,30-39
82,2016-0107,8/20/2016,2016,8,20,CONDUCTOR,MOTO,MASCULINO,21.0,SD,2016-08-20,,18-29
83,2016-0109,8/24/2016,2016,8,24,CONDUCTOR,AUTO,FEMENINO,53.0,8/24/2016,2016-08-24,2016-08-24,50-59
84,2016-0110,8/24/2016,2016,8,24,PEATON,PEATON,MASCULINO,57.0,SD,2016-08-24,,50-59
85,2016-0111,8/25/2016,2016,8,25,CONDUCTOR,MOTO,MASCULINO,27.0,8/25/2016,2016-08-25,2016-08-25,18-29
86,2016-0112,8/27/2016,2016,8,27,CONDUCTOR,MOTO,MASCULINO,24.0,8/27/2016,2016-08-27,2016-08-27,18-29
87,2016-0113,8/27/2016,2016,8,27,PEATON,PEATON,FEMENINO,60.0,SD,2016-08-27,,60+
88,2016-0114,8/31/2016,2016,8,31,CICLISTA,BICICLETA,FEMENINO,55.0,8/31/2016,2016-08-31,2016-08-31,50-59
89,2016-0115,9/2/2016,2016,9,2,SD,SD,MASCULINO,,SD,2016-09-02,,
90,2016-0116,9/2/2016,2016,9,2,CONDUCTOR,MOTO,MASCULINO,30.0,9/2/2016,2016-09-02,2016-09-02,30-39
91,2016-0117,9/3/2016,2016,9,3,CONDUCTOR,AUTO,MASCULINO,43.0,SD,2016-09-03,,40-49
92,2016-0118,9/4/2016,2016,9,4,CONDUCTOR,AUTO,MASCULINO,27.0,9/4/2016,2016-09-04,2016-09-04,18-29
93,2016-0119,9/4/2016,2016,9,4,PASAJERO_ACOMPAÑANTE,SD,FEMENINO,,SD,2016-09-04,,
94,2016-0122,9/13/2016,2016,9,13,CICLISTA,BICICLETA,MASCULINO,49.0,9/13/2016,2016-09-13,2016-09-13,40-49
95,2016-0123,9/14/2016,2016,9,14,CONDUCTOR,MOTO,FEMENINO,58.0,SD,2016-09-14,,50-59
96,2016-0124,9/16/2016,2016,9,16,PEATON,PEATON,MASCULINO,67.0,SD,2016-09-16,,60+
97,2016-0125,9/17/2016,2016,9,17,CONDUCTOR,MOTO,MASCULINO,30.0,SD,2016-09-17,,30-39
98,2016-0126,9/18/2016,2016,9,18,CONDUCTOR,AUTO,MASCULINO,37.0,SD,2016-09-18,,30-39
99,2016-0126,9/18/2016,2016,9,18,PASAJERO_ACOMPAÑANTE,AUTO,MASCULINO,60.0,SD,2016-09-18,,60+
100,2016-0127,9/24/2016,2016,9,24,PEATON,PEATON,MASCULINO,50.0,SD,2016-09-24,,50-59
101,2016-0128,10/2/2016,2016,10,2,PEATON,PEATON,FEMENINO,81.0,10/2/2016,2016-10-02,2016-10-02,60+
102,2016-0130,10/4/2016,2016,10,4,CONDUCTOR,MOTO,MASCULINO,29.0,10/4/2016,2016-10-04,2016-10-04,18-29
103,2016-0131,10/9/2016,2016,10,9,PEATON,PEATON,MASCULINO,35.0,SD,2016-10-09,,30-39
104,2016-0132,10/10/2016,2016,10,10,PASAJERO_ACOMPAÑANTE,AUTO,MASCULINO,30.0,10/10/2016,2016-10-10,2016-10-10,30-39
105,2016-0133,10/14/2016,2016,10,14,CONDUCTOR,MOTO,MASCULINO,41.0,10/25/2016,2016-10-14,2016-10-25,40-49
106,2016-0134,10/23/2016,2016,10,23,CONDUCTOR,MOTO,MASCULINO,25.0,10/23/2016,2016-10-23,2016-10-23,18-29
107,2016-0135,10/24/2016,2016,10,24,PEATON,PEATON,MASCULINO,29.0,10/25/2016,2016-10-24,2016-10-25,18-29
108,2016-0136,10/25/2016,2016,10,25,CONDUCTOR,MOTO,SD,,SD,2016-10-25,,
109,2016-0137,10/25/2016,2016,10,25,CONDUCTOR,MOTO,MASCULINO,30.0,SD,2016-10-25,,30-39
110,2016-0138,10/27/2016,2016,10,27,CICLISTA,BICICLETA,FEMENINO,33.0,SD,2016-10-27,,30-39
111,2016-0139,10/28/2016,2016,10,28,PASAJERO_ACOMPAÑANTE,MOTO,FEMENINO,35.0,SD,2016-10-28,,30-39
112,2016-0140,10/31/2016,2016,10,31,PASAJERO_ACOMPAÑANTE,PASAJEROS,MASCULINO,20.0,SD,2016-10-31,,18-29
113,2016-0142,11/5/2016,2016,11,5,CONDUCTOR,MOTO,MASCULINO,46.0,11/5/2016,2016-11-05,2016-11-05,40-49
114,2016-0143,11/6/2016,2016,11,6,CONDUCTOR,MOTO,MASCULINO,35.0,SD,2016-11-06,,30-39
115,2016-0144,11/7/2016,2016,11,7,PEATON,PEATON,MASCULINO,83.0,SD,2016-11-07,,60+
116,2016-0145,11/7/2016,2016,11,7,CONDUCTOR,MOTO,MASCULINO,39.0,11/7/2016,2016-11-07,2016-11-07,30-39
117,2016-0146,11/9/2016,2016,11,9,PEATON,PEATON,FEMENINO,29.0,SD,2016-11-09,,18-29
118,2016-0147,11/16/2016,2016,11,16,PASAJERO_ACOMPAÑANTE,MOVIL,MASCULINO,55.0,11/16/2016,2016-11-16,2016-11-16,50-59
119,2016-0148,11/16/2016,2016,11,16,CONDUCTOR,MOTO,MASCULINO,,SD,2016-11-16,,
120,2016-0150,11/18/2016,2016,11,18,PASAJERO_ACOMPAÑANTE,CARGAS,MASCULINO,41.0,11/18/2016,2016-11-18,2016-11-18,40-49
121,2016-0151,11/18/2016,2016,11,18,PEATON,PEATON,SD,,SD,2016-11-18,,
122,2016-0152,11/23/2016,2016,11,23,CONDUCTOR,MOTO,MASCULINO,42.0,11/24/2016,2016-11-23,2016-11-24,40-49
123,2016-0153,11/25/2016,2016,11,25,PEATON,PEATON,FEMENINO,83.0,11/25/2016,2016-11-25,2016-11-25,60+
124,2016-0154,11/26/2016,2016,11,26,CONDUCTOR,MOTO,MASCULINO,38.0,SD,2016-11-26,,30-39
125,2016-0155,11/26/2016,2016,11,26,PEATON,PEATON,FEMENINO,29.0,SD,2016-11-26,,18-29
126,2016-0156,11/26/2016,2016,11,26,CONDUCTOR,MOTO,MASCULINO,23.0,11/30/2016,2016-11-26,2016-11-30,18-29
127,2016-0157,12/3/2016,2016,12,3,CONDUCTOR,MOTO,MASCULINO,23.0,SD,2016-12-03,,18-29
128,2016-0159,12/4/2016,2016,12,4,CONDUCTOR,AUTO,MASCULINO,23.0,SD,2016-12-04,,18-29
129,2016-0160,12/6/2016,2016,12,6,CONDUCTOR,CARGAS,MASCULINO,29.0,12/6/2016,2016-12-06,2016-12-06,18-29
130,2016-0161,12/6/2016,2016,12,6,PEATON,PEATON,MASCULINO,50.0,12/6/2016,2016-12-06,2016-12-06,50-59
131,2016-0162,12/7/2016,2016,12,7,PEATON,PEATON,MASCULINO,38.0,1/1/2017,2016-12-07,2017-01-01,30-39
132,2016-0163,12/10/2016,2016,12,10,CONDUCTOR,MOTO,MASCULINO,23.0,SD,2016-12-10,,18-29
133,2016-0164,12/11/2016,2016,12,11,CONDUCTOR,AUTO,MASCULINO,29.0,SD,2016-12-11,,18-29
134,2016-0165,12/12/2016,2016,12,12,CICLISTA,BICICLETA,MASCULINO,37.0,SD,2016-12-12,,30-39
135,2016-0168,12/13/2016,2016,12,13,CONDUCTOR,MOTO,MASCULINO,43.0,12/13/2016,2016-12-13,2016-12-13,40-49
136,2016-0169,12/15/2016,2016,12,15,CONDUCTOR,MOTO,MASCULINO,24.0,12/16/2016,2016-12-15,2016-12-16,18-29
137,2016-0170,12/19/2016,2016,12,19,PASAJERO_ACOMPAÑANTE,MOTO,MASCULINO,21.0,12/19/2016,2016-12-19,2016-12-19,18-29
138,2016-0171,12/25/2016,2016,12,25,CONDUCTOR,MOTO,SD,,SD,2016-12-25,,
139,2016-0172,12/26/2016,2016,12,26,CONDUCTOR,MOTO,MASCULINO,38.0,12/26/2016,2016-12-26,2016-12-26,30-39
140,2016-0173,12/26/2016,2016,12,26,CONDUCTOR,MOTO,MASCULINO,35.0,SD,2016-12-26,,30-39
141,2016-0174,12/27/2016,2016,12,27,SD,SD,SD,,SD,2016-12-27,,
142,2016-0175,12/27/2016,2016,12,27,PEATON,PEATON,FEMENINO,,SD,2016-12-27,,
143,2016-0176,12/28/2016,2016,12,28,CONDUCTOR,MOTO,MASCULINO,28.0,SD,2016-12-28,,18-29
144,2016-0177,12/29/2016,2016,12,29,PEATON,PEATON,FEMENINO,27.0,SD,2016-12-29,,18-29
145,2016-0178,12/30/2016,2016,12,30,PEATON,PEATON,FEMENINO,7.0,SD,2016-12-30,,0-17
146,2017-0001,1/2/2017,2017,1,2,CONDUCTOR,MOTO,MASCULINO,18.0,1/2/2017,2017-01-02,2017-01-02,18-29
147,2017-0003,1/5/2017,2017,1,5,PASAJERO_ACOMPAÑANTE,CARGAS,MASCULINO,33.0,1/5/2017,2017-01-05,2017-01-05,30-39
148,2017-0007,1/11/2017,2017,1,11,PEATON,PEATON,MASCULINO,48.0,1/11/2017,2017-01-11,2017-01-11,40-49
149,2017-0008,1/16/2017,2017,1,16,CONDUCTOR,MOTO,MASCULINO,29.0,1/16/2017,2017-01-16,2017-01-16,18-29
150,2017-0009,1/16/2017,2017,1,16,CONDUCTOR,MOTO,MASCULINO,36.0,1/16/2017,2017-01-16,2017-01-16,30-39
151,2017-0010,1/16/2017,2017,1,16,CONDUCTOR,MOTO,MASCULINO,23.0,1/16/2017,2017-01-16,2017-01-16,18-29
152,2017-0011,1/22/2017,2017,1,22,PASAJERO_ACOMPAÑANTE,MOTO,FEMENINO,29.0,1/22/2017,2017-01-22,2017-01-22,18-29
153,2017-0012,1/24/2017,2017,1,24,CONDUCTOR,MOTO,MASCULINO,30.0,1/24/2017,2017-01-24,2017-01-24,30-39
154,2017-0013,1/27/2017,2017,1,27,PEATON,PEATON,MASCULINO,4.0,1/27/2017,2017-01-27,2017-01-27,0-17
155,2017-0014,1/28/2017,2017,1,28,PASAJERO_ACOMPAÑANTE,MOTO,FEMENINO,22.0,1/28/2017,2017-01-28,2017-01-28,18-29
156,2017-0015,2/2/2017,2017,2,2,PEATON,PEATON,MASCULINO,82.0,2/21/2017,2017-02-02,2017-02-21,60+
157,2017-0016,2/3/2017,2017,2,3,CONDUCTOR,MOTO,MASCULINO,27.0,2/4/2017,2017-02-03,2017-02-04,18-29
158,2017-0017,2/6/2017,2017,2,6,CONDUCTOR,MOTO,MASCULINO,32.0,2/6/2017,2017-02-06,2017-02-06,30-39
159,2017-0018,2/9/2017,2017,2,9,CONDUCTOR,MOTO,MASCULINO,30.0,2/9/2017,2017-02-09,2017-02-09,30-39
160,2017-0021,2/18/2017,2017,2,18,CONDUCTOR,MOTO,MASCULINO,43.0,2/18/2017,2017-02-18,2017-02-18,40-49
161,2017-0024,2/23/2017,2017,2,23,PEATON,PEATON,MASCULINO,39.0,2/23/2017,2017-02-23,2017-02-23,30-39
162,2017-0025,2/24/2017,2017,2,24,CONDUCTOR,MOTO,MASCULINO,23.0,2/24/2017,2017-02-24,2017-02-24,18-29
163,2017-0026,2/26/2017,2017,2,26,PASAJERO_ACOMPAÑANTE,AUTO,FEMENINO,23.0,2/26/2017,2017-02-26,2017-02-26,18-29
164,2017-0026,2/26/2017,2017,2,26,CONDUCTOR,AUTO,MASCULINO,19.0,2/26/2017,2017-02-26,2017-02-26,18-29
165,2017-0027,2/26/2017,2017,2,26,PEATON,PEATON,MASCULINO,,2/26/2017,2017-02-26,2017-02-26,
166,2017-0028,2/28/2017,2017,2,28,PEATON,PEATON,MASCULINO,87.0,2/28/2017,2017-02-28,2017-02-28,60+
167,2017-0029,3/7/2017,2017,3,7,SD,SD,MASCULINO,34.0,3/7/2017,2017-03-07,2017-03-07,30-39
168,2017-0030,3/7/2017,2017,3,7,CONDUCTOR,AUTO,FEMENINO,27.0,3/7/2017,2017-03-07,2017-03-07,18-29
169,2017-0031,3/11/2017,2017,3,11,PASAJERO_ACOMPAÑANTE,AUTO,MASCULINO,70.0,3/11/2017,2017-03-11,2017-03-11,60+
170,2017-0032,3/12/2017,2017,3,12,PASAJERO_ACOMPAÑANTE,AUTO,FEMENINO,40.0,3/12/2017,2017-03-12,2017-03-12,40-49
171,2017-0033,3/12/2017,2017,3,12,CONDUCTOR,AUTO,MASCULINO,28.0,3/12/2017,2017-03-12,2017-03-12,18-29
172,2017-0034,3/13/2017,2017,3,13,PEATON,PEATON,MASCULINO,43.0,3/13/2017,2017-03-13,2017-03-13,40-49
173,2017-0035,3/23/2017,2017,3,23,CONDUCTOR,AUTO,MASCULINO,28.0,3/23/2017,2017-03-23,2017-03-23,18-29
174,2017-0035,3/23/2017,2017,3,23,PASAJERO_ACOMPAÑANTE,AUTO,MASCULINO,32.0,3/23/2017,2017-03-23,2017-03-23,30-39
175,2017-0035,3/23/2017,2017,3,23,PASAJERO_ACOMPAÑANTE,AUTO,MASCULINO,30.0,3/23/2017,2017-03-23,2017-03-23,30-39
176,2017-0036,3/29/2017,2017,3,29,PASAJERO_ACOMPAÑANTE,MOTO,FEMENINO,,3/29/2017,2017-03-29,2017-03-29,
177,2017-0036,3/29/2017,2017,3,29,CONDUCTOR,MOTO,MASCULINO,20.0,3/29/2017,2017-03-29,2017-03-29,18-29
178,2017-0037,3/31/2017,2017,3,31,CONDUCTOR,MOTO,MASCULINO,41.0,3/31/2017,2017-03-31,2017-03-31,40-49
179,2017-0038,4/1/2017,2017,4,1,CONDUCTOR,MOTO,FEMENINO,40.0,4/1/2017,2017-04-01,2017-04-01,40-49
180,2017-0040,4/3/2017,2017,4,3,CONDUCTOR,AUTO,MASCULINO,43.0,4/3/2017,2017-04-03,2017-04-03,40-49
181,2017-0041,4/3/2017,2017,4,3,CONDUCTOR,MOTO,MASCULINO,17.0,SD,2017-04-03,,0-17
182,2017-0042,4/10/2017,2017,4,10,CONDUCTOR,MOTO,MASCULINO,,4/10/2017,2017-04-10,2017-04-10,
183,2017-0045,4/14/2017,2017,4,14,CONDUCTOR,MOTO,MASCULINO,21.0,4/14/2017,2017-04-14,2017-04-14,18-29
184,2017-0047,4/23/2017,2017,4,23,CONDUCTOR,MOTO,MASCULINO,37.0,4/23/2017,2017-04-23,2017-04-23,30-39
185,2017-0049,4/27/2017,2017,4,27,PEATON,PEATON,MASCULINO,22.0,4/27/2017,2017-04-27,2017-04-27,18-29
186,2017-0050,4/28/2017,2017,4,28,CONDUCTOR,MOTO,MASCULINO,46.0,4/28/2017,2017-04-28,2017-04-28,40-49
187,2017-0050,4/28/2017,2017,4,28,PASAJERO_ACOMPAÑANTE,MOTO,MASCULINO,16.0,4/28/2017,2017-04-28,2017-04-28,0-17
188,2017-0051,5/1/2017,2017,5,1,CONDUCTOR,AUTO,MASCULINO,33.0,5/1/2017,2017-05-01,2017-05-01,30-39
189,2017-0052,5/5/2017,2017,5,5,PEATON,PEATON,FEMENINO,47.0,5/5/2017,2017-05-05,2017-05-05,40-49
190,2017-0053,5/5/2017,2017,5,5,CONDUCTOR,MOTO,MASCULINO,28.0,5/5/2017,2017-05-05,2017-05-05,18-29
191,2017-0054,5/7/2017,2017,5,7,PASAJERO_ACOMPAÑANTE,MOTO,FEMENINO,20.0,5/7/2017,2017-05-07,2017-05-07,18-29
192,2017-0055,5/9/2017,2017,5,9,CONDUCTOR,AUTO,MASCULINO,32.0,5/9/2017,2017-05-09,2017-05-09,30-39
193,2017-0058,5/9/2017,2017,5,9,PEATON,PEATON,MASCULINO,80.0,5/9/2017,2017-05-09,2017-05-09,60+
194,2017-0059,5/11/2017,2017,5,11,PEATON,PEATON,FEMENINO,39.0,5/11/2017,2017-05-11,2017-05-11,30-39
195,2017-0060,5/13/2017,2017,5,13,PASAJERO_ACOMPAÑANTE,MOTO,MASCULINO,30.0,5/13/2017,2017-05-13,2017-05-13,30-39
196,2017-0061,5/15/2017,2017,5,15,PEATON,PEATON,MASCULINO,47.0,5/16/2017,2017-05-15,2017-05-16,40-49
197,2017-0062,5/15/2017,2017,5,15,CONDUCTOR,MOTO,MASCULINO,35.0,5/15/2017,2017-05-15,2017-05-15,30-39
198,2017-0063,5/17/2017,2017,5,17,PEATON,PEATON,FEMENINO,79.0,5/17/2017,2017-05-17,2017-05-17,60+
199,2017-0064,5/20/2017,2017,5,20,PASAJERO_ACOMPAÑANTE,CARGAS,MASCULINO,61.0,5/20/2017,2017-05-20,2017-05-20,60+
200,2017-0065,5/22/2017,2017,5,22,CICLISTA,BICICLETA,MASCULINO,21.0,5/22/2017,2017-05-22,2017-05-22,18-29
201,2017-0066,5/22/2017,2017,5,22,PEATON,PEATON,MASCULINO,10.0,5/22/2017,2017-05-22,2017-05-22,0-17
202,2017-0067,5/23/2017,2017,5,23,CONDUCTOR,MOTO,MASCULINO,21.0,5/23/2017,2017-05-23,2017-05-23,18-29
203,2017-0068,5/27/2017,2017,5,27,CONDUCTOR,MOTO,MASCULINO,32.0,5/27/2017,2017-05-27,2017-05-27,30-39
204,2017-0069,5/29/2017,2017,5,29,CONDUCTOR,MOTO,MASCULINO,39.0,5/29/2017,2017-05-29,2017-05-29,30-39
205,2017-0070,5/30/2017,2017,5,30,PEATON,PEATON,MASCULINO,80.0,5/31/2017,2017-05-30,2017-05-31,60+
206,2017-0072,6/3/2017,2017,6,3,CONDUCTOR,AUTO,MASCULINO,25.0,6/3/2017,2017-06-03,2017-06-03,18-29
207,2017-0073,6/4/2017,2017,6,4,CONDUCTOR,MOTO,MASCULINO,19.0,6/4/2017,2017-06-04,2017-06-04,18-29
208,2017-0074,6/4/2017,2017,6,4,SD,SD,MASCULINO,70.0,6/4/2017,2017-06-04,2017-06-04,60+
209,2017-0075,6/12/2017,2017,6,12,PEATON,PEATON,MASCULINO,55.0,6/12/2017,2017-06-12,2017-06-12,50-59
210,2017-0076,6/13/2017,2017,6,13,PEATON,PEATON,FEMENINO,30.0,6/13/2017,2017-06-13,2017-06-13,30-39
211,2017-0077,6/17/2017,2017,6,17,CONDUCTOR,MOTO,FEMENINO,60.0,6/18/2017,2017-06-17,2017-06-18,60+
212,2017-0079,6/19/2017,2017,6,19,CONDUCTOR,MOTO,MASCULINO,33.0,6/19/2017,2017-06-19,2017-06-19,30-39
213,2017-0080,6/22/2017,2017,6,22,PEATON,PEATON,FEMENINO,95.0,6/22/2017,2017-06-22,2017-06-22,60+
214,2017-0082,6/25/2017,2017,6,25,PEATON,PEATON,MASCULINO,36.0,6/25/2017,2017-06-25,2017-06-25,30-39
215,2017-0083,7/4/2017,2017,7,4,CONDUCTOR,MOTO,MASCULINO,37.0,7/4/2017,2017-07-04,2017-07-04,30-39
216,2017-0084,7/5/2017,2017,7,5,PEATON,PEATON,FEMENINO,73.0,7/5/2017,2017-07-05,2017-07-05,60+
217,2017-0085,7/7/2017,2017,7,7,PEATON,PEATON,MASCULINO,84.0,7/7/2017,2017-07-07,2017-07-07,60+
218,2017-0086,7/9/2017,2017,7,9,PEATON,PEATON,FEMENINO,30.0,7/9/2017,2017-07-09,2017-07-09,30-39
219,2017-0087,7/10/2017,2017,7,10,PEATON,PEATON,FEMENINO,73.0,7/10/2017,2017-07-10,2017-07-10,60+
220,2017-0088,7/10/2017,2017,7,10,PEATON,PEATON,MASCULINO,43.0,7/10/2017,2017-07-10,2017-07-10,40-49
221,2017-0089,7/13/2017,2017,7,13,SD,SD,MASCULINO,23.0,SD,2017-07-13,,18-29
222,2017-0090,7/15/2017,2017,7,15,PEATON,PEATON,MASCULINO,22.0,7/15/2017,2017-07-15,2017-07-15,18-29
223,2017-0091,7/15/2017,2017,7,15,CONDUCTOR,MOTO,MASCULINO,58.0,7/15/2017,2017-07-15,2017-07-15,50-59
224,2017-0092,7/24/2017,2017,7,24,PEATON,PEATON,MASCULINO,66.0,7/24/2017,2017-07-24,2017-07-24,60+
225,2017-0093,7/25/2017,2017,7,25,PEATON,PEATON,MASCULINO,,7/25/2017,2017-07-25,2017-07-25,
226,2017-0094,7/27/2017,2017,7,27,CICLISTA,BICICLETA,FEMENINO,56.0,7/27/2017,2017-07-27,2017-07-27,50-59
227,2017-0095,8/6/2017,2017,8,6,CONDUCTOR,MOTO,MASCULINO,36.0,8/6/2017,2017-08-06,2017-08-06,30-39
228,2017-0096,8/7/2017,2017,8,7,PEATON,PEATON,MASCULINO,87.0,8/7/2017,2017-08-07,2017-08-07,60+
229,2017-0098,8/8/2017,2017,8,8,PEATON,PEATON,FEMENINO,61.0,8/8/2017,2017-08-08,2017-08-08,60+
230,2017-0099,8/17/2017,2017,8,17,CICLISTA,BICICLETA,MASCULINO,28.0,8/17/2017,2017-08-17,2017-08-17,18-29
231,2017-0100,8/21/2017,2017,8,21,PASAJERO_ACOMPAÑANTE,MOTO,FEMENINO,16.0,8/21/2017,2017-08-21,2017-08-21,0-17
232,2017-0101,8/23/2017,2017,8,23,PEATON,PEATON,FEMENINO,61.0,8/23/2017,2017-08-23,2017-08-23,60+
233,2017-0102,8/24/2017,2017,8,24,PEATON,PEATON,MASCULINO,46.0,8/24/2017,2017-08-24,2017-08-24,40-49
234,2017-0104,8/25/2017,2017,8,25,PEATON,PEATON,FEMENINO,18.0,8/25/2017,2017-08-25,2017-08-25,18-29
235,2017-0106,8/31/2017,2017,8,31,PEATON,PEATON,FEMENINO,85.0,8/31/2017,2017-08-31,2017-08-31,60+
236,2017-0107,9/1/2017,2017,9,1,CONDUCTOR,MOTO,MASCULINO,41.0,9/1/2017,2017-09-01,2017-09-01,40-49
237,2017-0108,9/2/2017,2017,9,2,PASAJERO_ACOMPAÑANTE,AUTO,MASCULINO,17.0,9/2/2017,2017-09-02,2017-09-02,0-17
238,2017-0108,9/2/2017,2017,9,2,PASAJERO_ACOMPAÑANTE,AUTO,MASCULINO,10.0,9/2/2017,2017-09-02,2017-09-02,0-17
239,2017-0109,9/4/2017,2017,9,4,CONDUCTOR,MOTO,MASCULINO,21.0,9/5/2017,2017-09-04,2017-09-05,18-29
240,2017-0110,9/6/2017,2017,9,6,PEATON,PEATON,MASCULINO,56.0,9/7/2017,2017-09-06,2017-09-07,50-59
241,2017-0111,9/7/2017,2017,9,7,PEATON,PEATON,FEMENINO,79.0,9/7/2017,2017-09-07,2017-09-07,60+
242,2017-0112,9/10/2017,2017,9,10,PASAJERO_ACOMPAÑANTE,AUTO,MASCULINO,1.0,SD,2017-09-10,,0-17
243,2017-0112,9/10/2017,2017,9,10,PASAJERO_ACOMPAÑANTE,AUTO,MASCULINO,,9/13/2017,2017-09-10,2017-09-13,
244,2017-0113,9/11/2017,2017,9,11,PEATON,PEATON,FEMENINO,76.0,9/11/2017,2017-09-11,2017-09-11,60+
245,2017-0114,9/15/2017,2017,9,15,CONDUCTOR,AUTO,MASCULINO,26.0,9/15/2017,2017-09-15,2017-09-15,18-29
246,2017-0115,9/19/2017,2017,9,19,CONDUCTOR,MOTO,MASCULINO,34.0,SD,2017-09-19,,30-39
247,2017-0116,9/20/2017,2017,9,20,CONDUCTOR,MOTO,MASCULINO,22.0,9/20/2017,2017-09-20,2017-09-20,18-29
248,2017-0118,9/22/2017,2017,9,22,PASAJERO_ACOMPAÑANTE,MOTO,FEMENINO,26.0,9/29/2017,2017-09-22,2017-09-29,18-29
249,2017-0120,10/2/2017,2017,10,2,CONDUCTOR,MOTO,MASCULINO,20.0,10/2/2017,2017-10-02,2017-10-02,18-29
250,2017-0123,10/10/2017,2017,10,10,PEATON,PEATON,FEMENINO,36.0,10/10/2017,2017-10-10,2017-10-10,30-39
251,2017-0124,10/12/2017,2017,10,12,CONDUCTOR,MOTO,MASCULINO,51.0,10/12/2017,2017-10-12,2017-10-12,50-59
252,2017-0125,10/13/2017,2017,10,13,CONDUCTOR,MOTO,MASCULINO,29.0,10/13/2017,2017-10-13,2017-10-13,18-29
253,2017-0126,10/14/2017,2017,10,14,PASAJERO_ACOMPAÑANTE,AUTO,MASCULINO,39.0,SD,2017-10-14,,30-39
254,2017-0126,10/14/2017,2017,10,14,CONDUCTOR,AUTO,MASCULINO,36.0,10/14/2017,2017-10-14,2017-10-14,30-39
255,2017-0127,10/16/2017,2017,10,16,PASAJERO_ACOMPAÑANTE,MOTO,MASCULINO,24.0,10/16/2017,2017-10-16,2017-10-16,18-29
256,2017-0128,10/17/2017,2017,10,17,PEATON,PEATON,FEMENINO,60.0,10/17/2017,2017-10-17,2017-10-17,60+
257,2017-0129,10/26/2017,2017,10,26,CONDUCTOR,MOTO,MASCULINO,57.0,10/26/2017,2017-10-26,2017-10-26,50-59
258,2017-0130,10/27/2017,2017,10,27,CONDUCTOR,AUTO,MASCULINO,23.0,10/27/2017,2017-10-27,2017-10-27,18-29
259,2017-0132,10/30/2017,2017,10,30,CONDUCTOR,MOTO,MASCULINO,23.0,10/30/2017,2017-10-30,2017-10-30,18-29
260,2017-0134,11/6/2017,2017,11,6,PEATON,PEATON,FEMENINO,47.0,11/6/2017,2017-11-06,2017-11-06,40-49
261,2017-0135,11/7/2017,2017,11,7,CONDUCTOR,MOTO,MASCULINO,24.0,11/7/2017,2017-11-07,2017-11-07,18-29
262,2017-0136,11/16/2017,2017,11,16,PEATON,PEATON,MASCULINO,55.0,11/16/2017,2017-11-16,2017-11-16,50-59
263,2017-0137,11/17/2017,2017,11,17,PEATON,PEATON,FEMENINO,60.0,11/17/2017,2017-11-17,2017-11-17,60+
264,2017-0138,11/19/2017,2017,11,19,PASAJERO_ACOMPAÑANTE,MOTO,MASCULINO,25.0,11/19/2017,2017-11-19,2017-11-19,18-29
265,2017-0139,11/19/2017,2017,11,19,PASAJERO_ACOMPAÑANTE,AUTO,FEMENINO,15.0,11/19/2017,2017-11-19,2017-11-19,0-17
266,2017-0140,11/19/2017,2017,11,19,CONDUCTOR,MOTO,MASCULINO,24.0,11/19/2017,2017-11-19,2017-11-19,18-29
267,2017-0141,11/23/2017,2017,11,23,PEATON,PEATON,FEMENINO,22.0,11/23/2017,2017-11-23,2017-11-23,18-29
268,2017-0143,11/25/2017,2017,11,25,CONDUCTOR,AUTO,MASCULINO,50.0,11/25/2017,2017-11-25,2017-11-25,50-59
269,2017-0144,11/26/2017,2017,11,26,PASAJERO_ACOMPAÑANTE,AUTO,FEMENINO,50.0,11/26/2017,2017-11-26,2017-11-26,50-59
270,2017-0145,11/26/2017,2017,11,26,CONDUCTOR,MOTO,MASCULINO,58.0,11/26/2017,2017-11-26,2017-11-26,50-59
271,2017-0147,11/28/2017,2017,11,28,CONDUCTOR,MOTO,MASCULINO,49.0,11/28/2017,2017-11-28,2017-11-28,40-49
272,2017-0148,11/29/2017,2017,11,29,PEATON,PEATON,FEMENINO,82.0,11/29/2017,2017-11-29,2017-11-29,60+
273,2017-0149,11/30/2017,2017,11,30,PEATON,PEATON,MASCULINO,13.0,11/30/2017,2017-11-30,2017-11-30,0-17
274,2017-0150,12/4/2017,2017,12,4,PEATON,PEATON,MASCULINO,56.0,12/4/2017,2017-12-04,2017-12-04,50-59
275,2017-0151,12/4/2017,2017,12,4,PEATON,PEATON,MASCULINO,,12/4/2017,2017-12-04,2017-12-04,
276,2017-0152,12/6/2017,2017,12,6,CICLISTA,BICICLETA,MASCULINO,19.0,12/6/2017,2017-12-06,2017-12-06,18-29
277,2017-0153,12/11/2017,2017,12,11,PASAJERO_ACOMPAÑANTE,MOTO,MASCULINO,,12/12/2017,2017-12-11,2017-12-12,
278,2017-0153,12/11/2017,2017,12,11,CONDUCTOR,MOTO,MASCULINO,30.0,12/12/2017,2017-12-11,2017-12-12,30-39
279,2017-0154,12/11/2017,2017,12,11,PEATON,PEATON,MASCULINO,76.0,12/11/2017,2017-12-11,2017-12-11,60+
280,2017-0155,12/12/2017,2017,12,12,SD,SD,MASCULINO,77.0,SD,2017-12-12,,60+
281,2017-0157,12/17/2017,2017,12,17,CONDUCTOR,AUTO,MASCULINO,53.0,12/17/2017,2017-12-17,2017-12-17,50-59
282,2017-0158,12/18/2017,2017,12,18,CONDUCTOR,MOTO,MASCULINO,32.0,12/18/2017,2017-12-18,2017-12-18,30-39
283,2017-0159,12/20/2017,2017,12,20,CONDUCTOR,MOTO,MASCULINO,27.0,12/20/2017,2017-12-20,2017-12-20,18-29
284,2017-0160,12/22/2017,2017,12,22,PEATON,PEATON,FEMENINO,30.0,12/22/2017,2017-12-22,2017-12-22,30-39
285,2017-0161,12/26/2017,2017,12,26,PEATON,PEATON,FEMENINO,30.0,12/26/2017,2017-12-26,2017-12-26,30-39
286,2018-0001,1/1/2018,2018,1,1,PEATON,PEATON,MASCULINO,83.0,1/2/2018,2018-01-01,2018-01-02,60+
287,2018-0002,1/3/2018,2018,1,3,CICLISTA,BICICLETA,FEMENINO,26.0,1/3/2018,2018-01-03,2018-01-03,18-29
288,2018-0003,1/5/2018,2018,1,5,PEATON,PEATON,FEMENINO,58.0,1/5/2018,2018-01-05,2018-01-05,50-59
289,2018-0004,1/9/2018,2018,1,9,CONDUCTOR,MOTO,MASCULINO,39.0,1/9/2018,2018-01-09,2018-01-09,30-39
290,2018-0005,1/9/2018,2018,1,9,PEATON,PEATON,MASCULINO,54.0,1/9/2018,2018-01-09,2018-01-09,50-59
291,2018-0006,1/10/2018,2018,1,10,CICLISTA,BICICLETA,FEMENINO,45.0,1/10/2018,2018-01-10,2018-01-10,40-49
292,2018-0007,1/11/2018,2018,1,11,CONDUCTOR,AUTO,MASCULINO,46.0,1/11/2018,2018-01-11,2018-01-11,40-49
293,2018-0008,1/12/2018,2018,1,12,CONDUCTOR,MOTO,FEMENINO,32.0,1/12/2018,2018-01-12,2018-01-12,30-39
294,2018-0009,1/14/2018,2018,1,14,CONDUCTOR,MOTO,MASCULINO,19.0,1/14/2018,2018-01-14,2018-01-14,18-29
295,2018-0010,1/18/2018,2018,1,18,CONDUCTOR,MOTO,MASCULINO,40.0,1/18/2018,2018-01-18,2018-01-18,40-49
296,2018-0011,1/19/2018,2018,1,19,PEATON,PEATON,MASCULINO,84.0,1/19/2018,2018-01-19,2018-01-19,60+
297,2018-0012,1/26/2018,2018,1,26,CONDUCTOR,MOTO,MASCULINO,20.0,1/26/2018,2018-01-26,2018-01-26,18-29
298,2018-0013,1/28/2018,2018,1,28,CONDUCTOR,MOTO,MASCULINO,44.0,1/28/2018,2018-01-28,2018-01-28,40-49
299,2018-0014,1/31/2018,2018,1,31,PEATON,PEATON,MASCULINO,,2/4/2018,2018-01-31,2018-02-04,
300,2018-0015,2/6/2018,2018,2,6,CONDUCTOR,MOTO,MASCULINO,28.0,2/6/2018,2018-02-06,2018-02-06,18-29
301,2018-0015,2/6/2018,2018,2,6,PASAJERO_ACOMPAÑANTE,MOTO,MASCULINO,19.0,2/6/2018,2018-02-06,2018-02-06,18-29
302,2018-0016,2/15/2018,2018,2,15,CONDUCTOR,MOTO,MASCULINO,31.0,2/15/2018,2018-02-15,2018-02-15,30-39
303,2018-0017,2/17/2018,2018,2,17,PEATON,PEATON,MASCULINO,35.0,2/20/2018,2018-02-17,2018-02-20,30-39
304,2018-0018,2/17/2018,2018,2,17,CONDUCTOR,MOTO,MASCULINO,26.0,2/17/2018,2018-02-17,2018-02-17,18-29
305,2018-0019,2/17/2018,2018,2,17,PEATON,PEATON,FEMENINO,80.0,2/17/2018,2018-02-17,2018-02-17,60+
306,2018-0020,2/19/2018,2018,2,19,CONDUCTOR,MOTO,MASCULINO,26.0,2/19/2018,2018-02-19,2018-02-19,18-29
307,2018-0021,2/22/2018,2018,2,22,PEATON,PEATON,FEMENINO,62.0,2/22/2018,2018-02-22,2018-02-22,60+
308,2018-0022,2/24/2018,2018,2,24,CONDUCTOR,MOTO,MASCULINO,28.0,2/24/2018,2018-02-24,2018-02-24,18-29
309,2018-0023,2/24/2018,2018,2,24,CONDUCTOR,MOTO,MASCULINO,28.0,2/24/2018,2018-02-24,2018-02-24,18-29
310,2018-0024,2/28/2018,2018,2,28,PEATON,PEATON,MASCULINO,70.0,2/28/2018,2018-02-28,2018-02-28,60+
311,2018-0025,3/4/2018,2018,3,4,PEATON,PEATON,MASCULINO,70.0,3/5/2018,2018-03-04,2018-03-05,60+
312,2018-0026,3/9/2018,2018,3,9,CONDUCTOR,MOVIL,MASCULINO,24.0,3/9/2018,2018-03-09,2018-03-09,18-29
313,2018-0026,3/9/2018,2018,3,9,PASAJERO_ACOMPAÑANTE,MOVIL,MASCULINO,30.0,3/9/2018,2018-03-09,2018-03-09,30-39
314,2018-0027,3/11/2018,2018,3,11,PEATON,PEATON,FEMENINO,74.0,3/11/2018,2018-03-11,2018-03-11,60+
315,2018-0028,3/13/2018,2018,3,13,PEATON,PEATON,MASCULINO,71.0,3/13/2018,2018-03-13,2018-03-13,60+
316,2018-0029,3/15/2018,2018,3,15,CONDUCTOR,MOTO,MASCULINO,26.0,3/15/2018,2018-03-15,2018-03-15,18-29
317,2018-0030,3/20/2018,2018,3,20,CONDUCTOR,MOTO,MASCULINO,24.0,3/20/2018,2018-03-20,2018-03-20,18-29
318,2018-0031,3/28/2018,2018,3,28,CONDUCTOR,MOTO,MASCULINO,31.0,3/28/2018,2018-03-28,2018-03-28,30-39
319,2018-0032,4/2/2018,2018,4,2,PEATON,PEATON,MASCULINO,70.0,4/2/2018,2018-04-02,2018-04-02,60+
320,2018-0033,4/7/2018,2018,4,7,CONDUCTOR,MOTO,FEMENINO,42.0,4/10/2018,2018-04-07,2018-04-10,40-49
321,2018-0034,4/11/2018,2018,4,11,PEATON,PEATON,MASCULINO,24.0,4/11/2018,2018-04-11,2018-04-11,18-29
322,2018-0035,4/12/2018,2018,4,12,PEATON,PEATON,FEMENINO,39.0,4/12/2018,2018-04-12,2018-04-12,30-39
323,2018-0036,4/13/2018,2018,4,13,CONDUCTOR,MOTO,MASCULINO,37.0,4/15/2018,2018-04-13,2018-04-15,30-39
324,2018-0037,4/18/2018,2018,4,18,PEATON,PEATON,MASCULINO,84.0,4/19/2018,2018-04-18,2018-04-19,60+
325,2018-0038,4/20/2018,2018,4,20,PEATON,PEATON,FEMENINO,59.0,4/20/2018,2018-04-20,2018-04-20,50-59
326,2018-0038,4/20/2018,2018,4,20,PEATON,PEATON,MASCULINO,61.0,4/20/2018,2018-04-20,2018-04-20,60+
327,2018-0039,4/21/2018,2018,4,21,PEATON,PEATON,MASCULINO,37.0,4/21/2018,2018-04-21,2018-04-21,30-39
328,2018-0040,4/27/2018,2018,4,27,PEATON,PEATON,FEMENINO,,4/27/2018,2018-04-27,2018-04-27,
329,2018-0041,4/27/2018,2018,4,27,PEATON,PEATON,FEMENINO,78.0,4/27/2018,2018-04-27,2018-04-27,60+
330,2018-0042,4/27/2018,2018,4,27,PASAJERO_ACOMPAÑANTE,MOTO,MASCULINO,23.0,4/27/2018,2018-04-27,2018-04-27,18-29
331,2018-0043,4/28/2018,2018,4,28,CONDUCTOR,MOTO,MASCULINO,25.0,4/29/2018,2018-04-28,2018-04-29,18-29
332,2018-0044,4/28/2018,2018,4,28,PEATON,PEATON,FEMENINO,50.0,4/28/2018,2018-04-28,2018-04-28,50-59
333,2018-0045,4/30/2018,2018,4,30,CONDUCTOR,AUTO,MASCULINO,60.0,4/30/2018,2018-04-30,2018-04-30,60+
334,2018-0046,5/2/2018,2018,5,2,PEATON,PEATON,MASCULINO,11.0,5/2/2018,2018-05-02,2018-05-02,0-17
335,2018-0047,5/8/2018,2018,5,8,PEATON,PEATON,MASCULINO,82.0,5/9/2018,2018-05-08,2018-05-09,60+
336,2018-0048,5/9/2018,2018,5,9,PEATON,PEATON,MASCULINO,57.0,5/16/2018,2018-05-09,2018-05-16,50-59
337,2018-0049,5/11/2018,2018,5,11,PEATON,PEATON,FEMENINO,40.0,5/13/2018,2018-05-11,2018-05-13,40-49
338,2018-0050,5/14/2018,2018,5,14,PEATON,PEATON,FEMENINO,47.0,5/24/2018,2018-05-14,2018-05-24,40-49
339,2018-0051,5/15/2018,2018,5,15,PEATON,PEATON,FEMENINO,57.0,5/15/2018,2018-05-15,2018-05-15,50-59
340,2018-0052,5/18/2018,2018,5,18,PEATON,PEATON,MASCULINO,78.0,5/19/2018,2018-05-18,2018-05-19,60+
341,2018-0053,5/20/2018,2018,5,20,CONDUCTOR,MOTO,MASCULINO,43.0,5/20/2018,2018-05-20,2018-05-20,40-49
342,2018-0054,5/22/2018,2018,5,22,PEATON,PEATON,FEMENINO,86.0,5/25/2018,2018-05-22,2018-05-25,60+
343,2018-0055,5/29/2018,2018,5,29,CONDUCTOR,MOTO,MASCULINO,21.0,5/29/2018,2018-05-29,2018-05-29,18-29
344,2018-0056,6/2/2018,2018,6,2,PEATON,PEATON,FEMENINO,69.0,6/4/2018,2018-06-02,2018-06-04,60+
345,2018-0057,6/3/2018,2018,6,3,CONDUCTOR,MOTO,MASCULINO,33.0,6/4/2018,2018-06-03,2018-06-04,30-39
346,2018-0058,6/3/2018,2018,6,3,CONDUCTOR,MOTO,MASCULINO,26.0,6/13/2018,2018-06-03,2018-06-13,18-29
347,2018-0059,6/8/2018,2018,6,8,CONDUCTOR,MOTO,MASCULINO,54.0,6/8/2018,2018-06-08,2018-06-08,50-59
348,2018-0060,6/8/2018,2018,6,8,PEATON,PEATON,MASCULINO,51.0,6/8/2018,2018-06-08,2018-06-08,50-59
349,2018-0061,6/10/2018,2018,6,10,CONDUCTOR,MOTO,MASCULINO,51.0,6/10/2018,2018-06-10,2018-06-10,50-59
350,2018-0062,6/14/2018,2018,6,14,PEATON,PEATON,MASCULINO,32.0,6/14/2018,2018-06-14,2018-06-14,30-39
351,2018-0063,6/16/2018,2018,6,16,PEATON,PEATON,FEMENINO,28.0,6/17/2018,2018-06-16,2018-06-17,18-29
352,2018-0064,6/25/2018,2018,6,25,CONDUCTOR,AUTO,MASCULINO,30.0,6/25/2018,2018-06-25,2018-06-25,30-39
353,2018-0065,6/26/2018,2018,6,26,CONDUCTOR,MOTO,MASCULINO,35.0,6/26/2018,2018-06-26,2018-06-26,30-39
354,2018-0066,6/28/2018,2018,6,28,PEATON,PEATON,MASCULINO,73.0,6/28/2018,2018-06-28,2018-06-28,60+
355,2018-0067,6/29/2018,2018,6,29,PASAJERO_ACOMPAÑANTE,PASAJEROS,FEMENINO,81.0,7/6/2018,2018-06-29,2018-07-06,60+
356,2018-0068,7/1/2018,2018,7,1,CONDUCTOR,MOTO,MASCULINO,21.0,7/1/2018,2018-07-01,2018-07-01,18-29
357,2018-0069,7/4/2018,2018,7,4,CICLISTA,BICICLETA,MASCULINO,20.0,7/4/2018,2018-07-04,2018-07-04,18-29
358,2018-0070,7/7/2018,2018,7,7,CONDUCTOR,MOTO,MASCULINO,33.0,7/7/2018,2018-07-07,2018-07-07,30-39
359,2018-0071,7/10/2018,2018,7,10,CONDUCTOR,MOTO,MASCULINO,,7/10/2018,2018-07-10,2018-07-10,
360,2018-0072,7/11/2018,2018,7,11,CONDUCTOR,MOTO,MASCULINO,27.0,7/13/2018,2018-07-11,2018-07-13,18-29
361,2018-0073,7/11/2018,2018,7,11,PEATON,PEATON,FEMENINO,67.0,7/11/2018,2018-07-11,2018-07-11,60+
362,2018-0074,7/14/2018,2018,7,14,CONDUCTOR,AUTO,MASCULINO,25.0,7/14/2018,2018-07-14,2018-07-14,18-29
363,2018-0075,7/15/2018,2018,7,15,PEATON,PEATON,MASCULINO,23.0,7/15/2018,2018-07-15,2018-07-15,18-29
364,2018-0076,7/16/2018,2018,7,16,CONDUCTOR,AUTO,MASCULINO,73.0,7/16/2018,2018-07-16,2018-07-16,60+
365,2018-0077,7/16/2018,2018,7,16,CONDUCTOR,AUTO,MASCULINO,58.0,7/17/2018,2018-07-16,2018-07-17,50-59
366,2018-0078,7/21/2018,2018,7,21,PEATON,PEATON,MASCULINO,27.0,7/21/2018,2018-07-21,2018-07-21,18-29
367,2018-0079,7/23/2018,2018,7,23,PEATON,PEATON,MASCULINO,,7/23/2018,2018-07-23,2018-07-23,
368,2018-0080,7/25/2018,2018,7,25,PEATON,PEATON,MASCULINO,26.0,7/25/2018,2018-07-25,2018-07-25,18-29
369,2018-0081,7/29/2018,2018,7,29,PEATON,PEATON,MASCULINO,35.0,7/29/2018,2018-07-29,2018-07-29,30-39
370,2018-0082,8/1/2018,2018,8,1,CONDUCTOR,MOTO,FEMENINO,17.0,8/1/2018,2018-08-01,2018-08-01,0-17
371,2018-0083,8/2/2018,2018,8,2,CONDUCTOR,MOTO,MASCULINO,,8/2/2018,2018-08-02,2018-08-02,
372,2018-0084,8/3/2018,2018,8,3,PEATON,PEATON,MASCULINO,45.0,8/3/2018,2018-08-03,2018-08-03,40-49
373,2018-0085,8/3/2018,2018,8,3,PASAJERO_ACOMPAÑANTE,MOTO,FEMENINO,22.0,8/3/2018,2018-08-03,2018-08-03,18-29
374,2018-0085,8/3/2018,2018,8,3,CONDUCTOR,MOTO,MASCULINO,30.0,8/3/2018,2018-08-03,2018-08-03,30-39
375,2018-0086,8/10/2018,2018,8,10,PEATON,PEATON,MASCULINO,40.0,8/10/2018,2018-08-10,2018-08-10,40-49
376,2018-0087,8/15/2018,2018,8,15,PEATON,PEATON,MASCULINO,75.0,8/20/2018,2018-08-15,2018-08-20,60+
377,2018-0088,8/17/2018,2018,8,17,CONDUCTOR,MOTO,MASCULINO,,8/17/2018,2018-08-17,2018-08-17,
378,2018-0089,8/17/2018,2018,8,17,PEATON,PEATON,MASCULINO,80.0,8/17/2018,2018-08-17,2018-08-17,60+
379,2018-0090,8/18/2018,2018,8,18,CONDUCTOR,MOTO,MASCULINO,27.0,8/18/2018,2018-08-18,2018-08-18,18-29
380,2018-0091,8/19/2018,2018,8,19,PASAJERO_ACOMPAÑANTE,AUTO,FEMENINO,23.0,8/19/2018,2018-08-19,2018-08-19,18-29
381,2018-0092,8/20/2018,2018,8,20,CONDUCTOR,MOTO,MASCULINO,23.0,8/20/2018,2018-08-20,2018-08-20,18-29
382,2018-0093,8/20/2018,2018,8,20,PEATON,PEATON,MASCULINO,24.0,8/20/2018,2018-08-20,2018-08-20,18-29
383,2018-0094,8/23/2018,2018,8,23,CONDUCTOR,MOTO,MASCULINO,32.0,8/23/2018,2018-08-23,2018-08-23,30-39
384,2018-0095,8/26/2018,2018,8,26,PASAJERO_ACOMPAÑANTE,AUTO,FEMENINO,49.0,8/26/2018,2018-08-26,2018-08-26,40-49
385,2018-0096,8/31/2018,2018,8,31,PEATON,PEATON,MASCULINO,39.0,8/31/2018,2018-08-31,2018-08-31,30-39
386,2018-0097,9/2/2018,2018,9,2,CONDUCTOR,AUTO,FEMENINO,35.0,9/2/2018,2018-09-02,2018-09-02,30-39
387,2018-0098,9/9/2018,2018,9,9,CONDUCTOR,AUTO,MASCULINO,55.0,9/9/2018,2018-09-09,2018-09-09,50-59
388,2018-0098,9/9/2018,2018,9,9,PASAJERO_ACOMPAÑANTE,AUTO,MASCULINO,54.0,9/9/2018,2018-09-09,2018-09-09,50-59
389,2018-0099,9/12/2018,2018,9,12,PEATON,PEATON,MASCULINO,18.0,9/13/2018,2018-09-12,2018-09-13,18-29
390,2018-0100,9/20/2018,2018,9,20,SD,MOTO,FEMENINO,33.0,9/20/2018,2018-09-20,2018-09-20,30-39
391,2018-0101,9/21/2018,2018,9,21,CONDUCTOR,AUTO,MASCULINO,,9/21/2018,2018-09-21,2018-09-21,
392,2018-0102,9/21/2018,2018,9,21,CONDUCTOR,MOTO,MASCULINO,20.0,9/21/2018,2018-09-21,2018-09-21,18-29
393,2018-0103,9/27/2018,2018,9,27,PEATON,PEATON,MASCULINO,1.0,9/29/2018,2018-09-27,2018-09-29,0-17
394,2018-0104,10/1/2018,2018,10,1,CONDUCTOR,MOTO,MASCULINO,22.0,10/1/2018,2018-10-01,2018-10-01,18-29
395,2018-0105,10/3/2018,2018,10,3,PEATON,PEATON,FEMENINO,56.0,10/3/2018,2018-10-03,2018-10-03,50-59
396,2018-0106,10/4/2018,2018,10,4,CONDUCTOR,MOTO,MASCULINO,27.0,10/4/2018,2018-10-04,2018-10-04,18-29
397,2018-0107,10/6/2018,2018,10,6,PEATON,PEATON,FEMENINO,62.0,10/6/2018,2018-10-06,2018-10-06,60+
398,2018-0108,10/9/2018,2018,10,9,CONDUCTOR,MOTO,MASCULINO,37.0,10/10/2018,2018-10-09,2018-10-10,30-39
399,2018-0109,10/10/2018,2018,10,10,PEATON,PEATON,MASCULINO,34.0,10/10/2018,2018-10-10,2018-10-10,30-39
400,2018-0110,10/13/2018,2018,10,13,PEATON,PEATON,MASCULINO,60.0,10/14/2018,2018-10-13,2018-10-14,60+
401,2018-0111,10/19/2018,2018,10,19,CONDUCTOR,MOTO,MASCULINO,28.0,10/19/2018,2018-10-19,2018-10-19,18-29
402,2018-0112,10/24/2018,2018,10,24,CONDUCTOR,MOTO,FEMENINO,28.0,10/24/2018,2018-10-24,2018-10-24,18-29
403,2018-0113,10/25/2018,2018,10,25,CONDUCTOR,MOTO,MASCULINO,20.0,10/25/2018,2018-10-25,2018-10-25,18-29
404,2018-0114,10/30/2018,2018,10,30,CONDUCTOR,MOTO,MASCULINO,23.0,10/30/2018,2018-10-30,2018-10-30,18-29
405,2018-0115,10/31/2018,2018,10,31,PEATON,PEATON,MASCULINO,42.0,11/1/2018,2018-10-31,2018-11-01,40-49
406,2018-0116,11/1/2018,2018,11,1,PEATON,PEATON,MASCULINO,48.0,11/8/2018,2018-11-01,2018-11-08,40-49
407,2018-0117,11/4/2018,2018,11,4,CONDUCTOR,MOTO,MASCULINO,30.0,11/8/2018,2018-11-04,2018-11-08,30-39
408,2018-0118,11/5/2018,2018,11,5,PEATON,PEATON,FEMENINO,80.0,11/5/2018,2018-11-05,2018-11-05,60+
409,2018-0119,11/5/2018,2018,11,5,PEATON,PEATON,FEMENINO,32.0,11/6/2018,2018-11-05,2018-11-06,30-39
410,2018-0120,11/9/2018,2018,11,9,PEATON,PEATON,FEMENINO,51.0,11/20/2018,2018-11-09,2018-11-20,50-59
411,2018-0121,11/9/2018,2018,11,9,PEATON,PEATON,FEMENINO,72.0,11/9/2018,2018-11-09,2018-11-09,60+
412,2018-0122,11/12/2018,2018,11,12,CONDUCTOR,AUTO,MASCULINO,33.0,11/12/2018,2018-11-12,2018-11-12,30-39
413,2018-0123,11/12/2018,2018,11,12,CONDUCTOR,AUTO,MASCULINO,25.0,11/12/2018,2018-11-12,2018-11-12,18-29
414,2018-0124,11/15/2018,2018,11,15,CONDUCTOR,CARGAS,MASCULINO,44.0,11/15/2018,2018-11-15,2018-11-15,40-49
415,2018-0125,11/16/2018,2018,11,16,PEATON,PEATON,MASCULINO,29.0,11/17/2018,2018-11-16,2018-11-17,18-29
416,2018-0126,11/18/2018,2018,11,18,CONDUCTOR,MOTO,MASCULINO,27.0,11/23/2018,2018-11-18,2018-11-23,18-29
417,2018-0127,11/19/2018,2018,11,19,CONDUCTOR,MOTO,MASCULINO,29.0,11/19/2018,2018-11-19,2018-11-19,18-29
418,2018-0128,11/25/2018,2018,11,25,PASAJERO_ACOMPAÑANTE,AUTO,MASCULINO,49.0,11/25/2018,2018-11-25,2018-11-25,40-49
419,2018-0128,11/25/2018,2018,11,25,PASAJERO_ACOMPAÑANTE,AUTO,FEMENINO,39.0,11/25/2018,2018-11-25,2018-11-25,30-39
420,2018-0129,11/28/2018,2018,11,28,CONDUCTOR,MOTO,MASCULINO,37.0,11/30/2018,2018-11-28,2018-11-30,30-39
421,2018-0130,12/3/2018,2018,12,3,CONDUCTOR,MOTO,MASCULINO,,12/3/2018,2018-12-03,2018-12-03,
422,2018-0131,12/7/2018,2018,12,7,CONDUCTOR,MOTO,MASCULINO,29.0,12/7/2018,2018-12-07,2018-12-07,18-29
423,2018-0132,12/12/2018,2018,12,12,PEATON,PEATON,MASCULINO,70.0,12/12/2018,2018-12-12,2018-12-12,60+
424,2018-0133,12/12/2018,2018,12,12,PEATON,PEATON,FEMENINO,60.0,12/12/2018,2018-12-12,2018-12-12,60+
425,2018-0134,12/12/2018,2018,12,12,PEATON,PEATON,MASCULINO,56.0,12/13/2018,2018-12-12,2018-12-13,50-59
426,2018-0135,12/18/2018,2018,12,18,PEATON,PEATON,MASCULINO,80.0,12/22/2018,2018-12-18,2018-12-22,60+
427,2018-0136,12/18/2018,2018,12,18,PEATON,PEATON,FEMENINO,70.0,12/18/2018,2018-12-18,2018-12-18,60+
428,2018-0137,12/18/2018,2018,12,18,PASAJERO_ACOMPAÑANTE,MOTO,MASCULINO,29.0,12/19/2018,2018-12-18,2018-12-19,18-29
429,2018-0138,12/21/2018,2018,12,21,PASAJERO_ACOMPAÑANTE,PASAJEROS,FEMENINO,79.0,12/21/2018,2018-12-21,2018-12-21,60+
430,2018-0139,12/22/2018,2018,12,22,PASAJERO_ACOMPAÑANTE,MOTO,MASCULINO,28.0,12/24/2018,2018-12-22,2018-12-24,18-29
431,2018-0140,12/22/2018,2018,12,22,CONDUCTOR,AUTO,MASCULINO,78.0,12/22/2018,2018-12-22,2018-12-22,60+
432,2018-0141,12/22/2018,2018,12,22,PEATON,PEATON,MASCULINO,75.0,12/24/2018,2018-12-22,2018-12-24,60+
433,2018-0142,12/25/2018,2018,12,25,PASAJERO_ACOMPAÑANTE,CARGAS,MASCULINO,32.0,1/1/2019,2018-12-25,2019-01-01,30-39
434,2018-0143,12/29/2018,2018,12,29,CONDUCTOR,MOTO,MASCULINO,22.0,12/29/2018,2018-12-29,2018-12-29,18-29
435,2019-0001,1/8/2019,2019,1,8,CONDUCTOR,MOTO,MASCULINO,25.0,1/8/2019,2019-01-08,2019-01-08,18-29
436,2019-0002,1/9/2019,2019,1,9,CONDUCTOR,AUTO,MASCULINO,32.0,1/9/2019,2019-01-09,2019-01-09,30-39
437,2019-0003,1/12/2019,2019,1,12,CONDUCTOR,MOTO,MASCULINO,23.0,1/12/2019,2019-01-12,2019-01-12,18-29
438,2019-0004,1/14/2019,2019,1,14,CONDUCTOR,AUTO,MASCULINO,71.0,1/14/2019,2019-01-14,2019-01-14,60+
439,2019-0005,1/19/2019,2019,1,19,CONDUCTOR,MOTO,MASCULINO,43.0,1/19/2019,2019-01-19,2019-01-19,40-49
440,2019-0006,1/23/2019,2019,1,23,PEATON,PEATON,FEMENINO,12.0,1/23/2019,2019-01-23,2019-01-23,0-17
441,2019-0007,1/26/2019,2019,1,26,CONDUCTOR,MOTO,MASCULINO,35.0,1/26/2019,2019-01-26,2019-01-26,30-39
442,2019-0008,1/30/2019,2019,1,30,CONDUCTOR,MOTO,MASCULINO,42.0,1/31/2019,2019-01-30,2019-01-31,40-49
443,2019-0009,1/31/2019,2019,1,31,CONDUCTOR,MOTO,MASCULINO,34.0,1/31/2019,2019-01-31,2019-01-31,30-39
444,2019-0010,2/2/2019,2019,2,2,PEATON,PEATON,MASCULINO,,2/2/2019,2019-02-02,2019-02-02,
445,2019-0010,2/2/2019,2019,2,2,PEATON,PEATON,MASCULINO,59.0,2/2/2019,2019-02-02,2019-02-02,50-59
446,2019-0011,2/10/2019,2019,2,10,PEATON,PEATON,MASCULINO,,2/10/2019,2019-02-10,2019-02-10,
447,2019-0012,2/17/2019,2019,2,17,CONDUCTOR,MOTO,MASCULINO,31.0,2/20/2019,2019-02-17,2019-02-20,30-39
448,2019-0013,2/20/2019,2019,2,20,PEATON,PEATON,MASCULINO,39.0,3/2/2019,2019-02-20,2019-03-02,30-39
449,2019-0014,2/20/2019,2019,2,20,CONDUCTOR,MOTO,MASCULINO,69.0,2/20/2019,2019-02-20,2019-02-20,60+
450,2019-0015,2/23/2019,2019,2,23,CONDUCTOR,AUTO,MASCULINO,21.0,2/23/2019,2019-02-23,2019-02-23,18-29
451,2019-0016,2/24/2019,2019,2,24,CONDUCTOR,MOTO,MASCULINO,40.0,2/24/2019,2019-02-24,2019-02-24,40-49
452,2019-0017,3/3/2019,2019,3,3,CONDUCTOR,AUTO,MASCULINO,22.0,3/7/2019,2019-03-03,2019-03-07,18-29
453,2019-0018,3/3/2019,2019,3,3,PEATON,PEATON,FEMENINO,29.0,3/3/2019,2019-03-03,2019-03-03,18-29
454,2019-0019,3/6/2019,2019,3,6,CONDUCTOR,MOTO,MASCULINO,,26/03/2019,2019-03-06,,
455,2019-0020,3/7/2019,2019,3,7,CONDUCTOR,MOTO,MASCULINO,43.0,3/7/2019,2019-03-07,2019-03-07,40-49
456,2019-0021,3/15/2019,2019,3,15,CONDUCTOR,MOTO,MASCULINO,23.0,3/16/2019,2019-03-15,2019-03-16,18-29
457,2019-0022,3/15/2019,2019,3,15,PASAJERO_ACOMPAÑANTE,AUTO,MASCULINO,,3/15/2019,2019-03-15,2019-03-15,
458,2019-0023,3/16/2019,2019,3,16,CONDUCTOR,AUTO,MASCULINO,34.0,3/16/2019,2019-03-16,2019-03-16,30-39
459,2019-0024,3/19/2019,2019,3,19,CONDUCTOR,MOTO,MASCULINO,32.0,3/19/2019,2019-03-19,2019-03-19,30-39
460,2019-0025,3/22/2019,2019,3,22,PEATON,PEATON,MASCULINO,27.0,4/4/2019,2019-03-22,2019-04-04,18-29
461,2019-0026,3/28/2019,2019,3,28,PEATON,PEATON,MASCULINO,,3/28/2019,2019-03-28,2019-03-28,
462,2019-0027,3/28/2019,2019,3,28,CICLISTA,BICICLETA,MASCULINO,37.0,3/28/2019,2019-03-28,2019-03-28,30-39
463,2019-0028,4/6/2019,2019,4,6,PEATON,PEATON,FEMENINO,,4/6/2019,2019-04-06,2019-04-06,
464,2019-0029,4/7/2019,2019,4,7,CONDUCTOR,MOTO,MASCULINO,27.0,4/7/2019,2019-04-07,2019-04-07,18-29
465,2019-0030,4/9/2019,2019,4,9,CONDUCTOR,MOTO,MASCULINO,25.0,4/9/2019,2019-04-09,2019-04-09,18-29
466,2019-0031,4/12/2019,2019,4,12,CICLISTA,BICICLETA,MASCULINO,20.0,4/12/2019,2019-04-12,2019-04-12,18-29
467,2019-0032,4/16/2019,2019,4,16,PEATON,PEATON,FEMENINO,83.0,4/18/2019,2019-04-16,2019-04-18,60+
468,2019-0033,4/18/2019,2019,4,18,CONDUCTOR,MOTO,MASCULINO,25.0,4/18/2019,2019-04-18,2019-04-18,18-29
469,2019-0034,4/21/2019,2019,4,21,CONDUCTOR,MOTO,MASCULINO,,4/21/2019,2019-04-21,2019-04-21,
470,2019-0035,4/23/2019,2019,4,23,PEATON,PEATON,FEMENINO,75.0,4/23/2019,2019-04-23,2019-04-23,60+
471,2019-0036,4/26/2019,2019,4,26,CONDUCTOR,MOTO,MASCULINO,34.0,5/2/2019,2019-04-26,2019-05-02,30-39
472,2019-0037,5/1/2019,2019,5,1,CONDUCTOR,MOTO,MASCULINO,17.0,5/1/2019,2019-05-01,2019-05-01,0-17
473,2019-0038,5/4/2019,2019,5,4,PEATON,PEATON,FEMENINO,42.0,5/5/2019,2019-05-04,2019-05-05,40-49
474,2019-0105,5/5/2019,2019,5,5,PEATON,PEATON,FEMENINO,82.0,5/8/2019,2019-05-05,2019-05-08,60+
475,2019-0039,5/9/2019,2019,5,9,CONDUCTOR,MOTO,MASCULINO,28.0,5/9/2019,2019-05-09,2019-05-09,18-29
476,2019-0040,5/9/2019,2019,5,9,CONDUCTOR,MOTO,MASCULINO,44.0,5/15/2019,2019-05-09,2019-05-15,40-49
477,2019-0041,5/11/2019,2019,5,11,PASAJERO_ACOMPAÑANTE,AUTO,FEMENINO,78.0,5/11/2019,2019-05-11,2019-05-11,60+
478,2019-0042,5/14/2019,2019,5,14,PEATON,PEATON,MASCULINO,39.0,5/14/2019,2019-05-14,2019-05-14,30-39
479,2019-0043,5/21/2019,2019,5,21,CICLISTA,BICICLETA,FEMENINO,,5/21/2019,2019-05-21,2019-05-21,
480,2019-0044,5/27/2019,2019,5,27,PEATON,PEATON,FEMENINO,77.0,5/29/2019,2019-05-27,2019-05-29,60+
481,2019-0045,6/3/2019,2019,6,3,CONDUCTOR,MOTO,MASCULINO,33.0,6/3/2019,2019-06-03,2019-06-03,30-39
482,2019-0046,6/4/2019,2019,6,4,PASAJERO_ACOMPAÑANTE,MOTO,FEMENINO,26.0,6/4/2019,2019-06-04,2019-06-04,18-29
483,2019-0047,6/6/2019,2019,6,6,PEATON,PEATON,MASCULINO,76.0,6/6/2019,2019-06-06,2019-06-06,60+
484,2019-0048,6/7/2019,2019,6,7,CONDUCTOR,MOTO,MASCULINO,32.0,6/7/2019,2019-06-07,2019-06-07,30-39
485,2019-0049,6/8/2019,2019,6,8,PEATON,PEATON,FEMENINO,72.0,6/9/2019,2019-06-08,2019-06-09,60+
486,2019-0050,6/8/2019,2019,6,8,CONDUCTOR,MOTO,MASCULINO,21.0,6/9/2019,2019-06-08,2019-06-09,18-29
487,2019-0051,6/11/2019,2019,6,11,CONDUCTOR,MOTO,MASCULINO,41.0,6/11/2019,2019-06-11,2019-06-11,40-49
488,2019-0053,6/14/2019,2019,6,14,PASAJERO_ACOMPAÑANTE,AUTO,MASCULINO,49.0,6/14/2019,2019-06-14,2019-06-14,40-49
489,2019-0054,6/20/2019,2019,6,20,CONDUCTOR,MOTO,MASCULINO,21.0,6/20/2019,2019-06-20,2019-06-20,18-29
490,2019-0055,6/20/2019,2019,6,20,CONDUCTOR,MOTO,MASCULINO,47.0,6/21/2019,2019-06-20,2019-06-21,40-49
491,2019-0056,6/29/2019,2019,6,29,PEATON,PEATON,FEMENINO,75.0,6/29/2019,2019-06-29,2019-06-29,60+
492,2019-0057,7/5/2019,2019,7,5,PEATON,PEATON,FEMENINO,63.0,7/8/2019,2019-07-05,2019-07-08,60+
493,2019-0058,7/10/2019,2019,7,10,CONDUCTOR,MOTO,MASCULINO,39.0,7/10/2019,2019-07-10,2019-07-10,30-39
494,2019-0059,7/13/2019,2019,7,13,CONDUCTOR,MOTO,MASCULINO,30.0,7/13/2019,2019-07-13,2019-07-13,30-39
495,2019-0060,7/17/2019,2019,7,17,PEATON,PEATON,FEMENINO,78.0,7/17/2019,2019-07-17,2019-07-17,60+
496,2019-0061,7/17/2019,2019,7,17,PEATON,PEATON,FEMENINO,58.0,7/17/2019,2019-07-17,2019-07-17,50-59
497,2019-0062,8/1/2019,2019,8,1,PEATON,PEATON,FEMENINO,60.0,8/2/2019,2019-08-01,2019-08-02,60+
498,2019-0063,8/4/2019,2019,8,4,PASAJERO_ACOMPAÑANTE,MOTO,MASCULINO,,8/4/2019,2019-08-04,2019-08-04,
499,2019-0064,8/6/2019,2019,8,6,CONDUCTOR,MOTO,MASCULINO,20.0,8/6/2019,2019-08-06,2019-08-06,18-29
500,2019-0065,8/8/2019,2019,8,8,PEATON,PEATON,FEMENINO,55.0,8/9/2019,2019-08-08,2019-08-09,50-59
501,2019-0066,8/11/2019,2019,8,11,PEATON,PEATON,MASCULINO,40.0,8/11/2019,2019-08-11,2019-08-11,40-49
502,2019-0067,8/14/2019,2019,8,14,CONDUCTOR,MOTO,MASCULINO,35.0,8/14/2019,2019-08-14,2019-08-14,30-39
503,2019-0068,8/14/2019,2019,8,14,CONDUCTOR,MOTO,MASCULINO,53.0,8/14/2019,2019-08-14,2019-08-14,50-59
504,2019-0069,8/17/2019,2019,8,17,CONDUCTOR,MOTO,MASCULINO,43.0,8/17/2019,2019-08-17,2019-08-17,40-49
505,2019-0070,8/22/2019,2019,8,22,CONDUCTOR,MOTO,MASCULINO,25.0,8/22/2019,2019-08-22,2019-08-22,18-29
506,2019-0071,8/27/2019,2019,8,27,PEATON,PEATON,MASCULINO,,8/27/2019,2019-08-27,2019-08-27,
507,2019-0072,8/28/2019,2019,8,28,CONDUCTOR,AUTO,MASCULINO,22.0,9/2/2019,2019-08-28,2019-09-02,18-29
508,2019-0073,8/29/2019,2019,8,29,CONDUCTOR,AUTO,MASCULINO,29.0,9/6/2019,2019-08-29,2019-09-06,18-29
509,2019-0074,8/29/2019,2019,8,29,CONDUCTOR,MOTO,MASCULINO,35.0,8/29/2019,2019-08-29,2019-08-29,30-39
510,2019-0075,8/30/2019,2019,8,30,CONDUCTOR,MOTO,MASCULINO,31.0,8/30/2019,2019-08-30,2019-08-30,30-39
511,2019-0076,9/5/2019,2019,9,5,CONDUCTOR,MOTO,FEMENINO,29.0,9/5/2019,2019-09-05,2019-09-05,18-29
512,2019-0077,9/8/2019,2019,9,8,PEATON,PEATON,FEMENINO,28.0,9/8/2019,2019-09-08,2019-09-08,18-29
513,2019-0078,9/12/2019,2019,9,12,PEATON,PEATON,FEMENINO,72.0,9/15/2019,2019-09-12,2019-09-15,60+
514,2019-0079,9/17/2019,2019,9,17,CONDUCTOR,MOTO,MASCULINO,57.0,9/17/2019,2019-09-17,2019-09-17,50-59
515,2019-0080,9/17/2019,2019,9,17,PEATON,PEATON,MASCULINO,76.0,9/17/2019,2019-09-17,2019-09-17,60+
516,2019-0081,9/23/2019,2019,9,23,PEATON,PEATON,MASCULINO,67.0,10/7/2019,2019-09-23,2019-10-07,60+
517,2019-0082,9/25/2019,2019,9,25,CICLISTA,BICICLETA,MASCULINO,47.0,9/25/2019,2019-09-25,2019-09-25,40-49
518,2019-0083,9/26/2019,2019,9,26,CONDUCTOR,AUTO,MASCULINO,73.0,9/26/2019,2019-09-26,2019-09-26,60+
519,2019-0084,9/27/2019,2019,9,27,CICLISTA,BICICLETA,FEMENINO,40.0,9/27/2019,2019-09-27,2019-09-27,40-49
520,2019-0085,10/9/2019,2019,10,9,CICLISTA,BICICLETA,MASCULINO,20.0,10/9/2019,2019-10-09,2019-10-09,18-29
521,2019-0086,10/15/2019,2019,10,15,CONDUCTOR,MOTO,MASCULINO,29.0,10/15/2019,2019-10-15,2019-10-15,18-29
522,2019-0087,10/21/2019,2019,10,21,CONDUCTOR,MOTO,MASCULINO,41.0,10/21/2019,2019-10-21,2019-10-21,40-49
523,2019-0088,10/22/2019,2019,10,22,PEATON,PEATON,MASCULINO,27.0,10/22/2019,2019-10-22,2019-10-22,18-29
524,2019-0089,10/23/2019,2019,10,23,PEATON,PEATON,FEMENINO,92.0,10/23/2019,2019-10-23,2019-10-23,60+
525,2019-0090,10/24/2019,2019,10,24,PEATON,PEATON,MASCULINO,67.0,10/26/2019,2019-10-24,2019-10-26,60+
526,2019-0091,11/1/2019,2019,11,1,PEATON,PEATON,MASCULINO,35.0,11/1/2019,2019-11-01,2019-11-01,30-39
527,2019-0092,11/3/2019,2019,11,3,PEATON,PEATON,MASCULINO,37.0,11/3/2019,2019-11-03,2019-11-03,30-39
528,2019-0093,11/13/2019,2019,11,13,CICLISTA,BICICLETA,MASCULINO,16.0,11/13/2019,2019-11-13,2019-11-13,0-17
529,2019-0094,11/18/2019,2019,11,18,PASAJERO_ACOMPAÑANTE,MOTO,FEMENINO,,11/18/2019,2019-11-18,2019-11-18,
530,2019-0095,11/20/2019,2019,11,20,CONDUCTOR,MOTO,MASCULINO,,11/20/2019,2019-11-20,2019-11-20,
531,2019-0096,11/22/2019,2019,11,22,PEATON,PEATON,MASCULINO,73.0,11/22/2019,2019-11-22,2019-11-22,60+
532,2019-0097,11/25/2019,2019,11,25,PASAJERO_ACOMPAÑANTE,MOTO,FEMENINO,23.0,11/25/2019,2019-11-25,2019-11-25,18-29
533,2019-0098,11/25/2019,2019,11,25,PASAJERO_ACOMPAÑANTE,PASAJEROS,FEMENINO,61.0,11/29/2019,2019-11-25,2019-11-29,60+
534,2019-0100,12/5/2019,2019,12,5,CONDUCTOR,MOTO,MASCULINO,38.0,12/18/2019,2019-12-05,2019-12-18,30-39
535,2019-0101,12/17/2019,2019,12,17,CONDUCTOR,MOTO,MASCULINO,25.0,12/17/2019,2019-12-17,2019-12-17,18-29
536,2019-0102,12/17/2019,2019,12,17,CONDUCTOR,MOTO,MASCULINO,18.0,12/18/2019,2019-12-17,2019-12-18,18-29
537,2019-0103,12/18/2019,2019,12,18,CONDUCTOR,MOTO,MASCULINO,24.0,12/18/2019,2019-12-18,2019-12-18,18-29
538,2019-0104,12/21/2019,2019,12,21,PASAJERO_ACOMPAÑANTE,MOTO,FEMENINO,23.0,12/22/2019,2019-12-21,2019-12-22,18-29
539,2020-0001,1/4/2020,2020,1,4,PEATON,PEATON,FEMENINO,87.0,1/4/2020,2020-01-04,2020-01-04,60+
540,2020-0002,1/5/2020,2020,1,5,CONDUCTOR,MOTO,MASCULINO,36.0,1/7/2020,2020-01-05,2020-01-07,30-39
541,2020-0003,1/11/2020,2020,1,11,PEATON,PEATON,MASCULINO,44.0,1/11/2020,2020-01-11,2020-01-11,40-49
542,2020-0004,1/14/2020,2020,1,14,PEATON,PEATON,MASCULINO,82.0,1/15/2020,2020-01-14,2020-01-15,60+
543,2020-0005,1/14/2020,2020,1,14,CONDUCTOR,MOTO,MASCULINO,25.0,2/10/2020,2020-01-14,2020-02-10,18-29
544,2020-0006,1/20/2020,2020,1,20,CONDUCTOR,MOTO,MASCULINO,23.0,1/20/2020,2020-01-20,2020-01-20,18-29
545,2020-0007,1/27/2020,2020,1,27,PEATON,PEATON,MASCULINO,52.0,1/27/2020,2020-01-27,2020-01-27,50-59
546,2020-0008,1/30/2020,2020,1,30,CONDUCTOR,MOTO,MASCULINO,49.0,1/30/2020,2020-01-30,2020-01-30,40-49
547,2020-0009,2/4/2020,2020,2,4,PEATON,PEATON,MASCULINO,48.0,2/5/2020,2020-02-04,2020-02-05,40-49
548,2020-0010,2/8/2020,2020,2,8,CONDUCTOR,MOTO,MASCULINO,,2/8/2020,2020-02-08,2020-02-08,
549,2020-0011,2/12/2020,2020,2,12,CONDUCTOR,MOTO,MASCULINO,31.0,2/12/2020,2020-02-12,2020-02-12,30-39
550,2020-0012,2/18/2020,2020,2,18,PEATON,PEATON,FEMENINO,66.0,2/18/2020,2020-02-18,2020-02-18,60+
551,2020-0013,2/20/2020,2020,2,20,PEATON,PEATON,FEMENINO,58.0,3/3/2020,2020-02-20,2020-03-03,50-59
552,2020-0014,2/27/2020,2020,2,27,CONDUCTOR,MOTO,MASCULINO,,2/27/2020,2020-02-27,2020-02-27,
553,2020-0015,2/28/2020,2020,2,28,CONDUCTOR,MOTO,MASCULINO,29.0,2/28/2020,2020-02-28,2020-02-28,18-29
554,2020-0016,2/29/2020,2020,2,29,PEATON,PEATON,MASCULINO,68.0,3/9/2020,2020-02-29,2020-03-09,60+
555,2020-0017,3/5/2020,2020,3,5,PEATON,PEATON,MASCULINO,,3/5/2020,2020-03-05,2020-03-05,
556,2020-0018,3/9/2020,2020,3,9,CONDUCTOR,MOTO,MASCULINO,31.0,3/9/2020,2020-03-09,2020-03-09,30-39
557,2020-0019,3/10/2020,2020,3,10,PEATON,PEATON,FEMENINO,80.0,3/10/2020,2020-03-10,2020-03-10,60+
558,2020-0020,3/13/2020,2020,3,13,PEATON,PEATON,FEMENINO,74.0,3/17/2020,2020-03-13,2020-03-17,60+
559,2020-0021,3/14/2020,2020,3,14,PEATON,PEATON,FEMENINO,87.0,3/14/2020,2020-03-14,2020-03-14,60+
560,2020-0022,4/7/2020,2020,4,7,PASAJERO_ACOMPAÑANTE,AUTO,MASCULINO,44.0,4/7/2020,2020-04-07,2020-04-07,40-49
561,2020-0023,4/9/2020,2020,4,9,CONDUCTOR,AUTO,MASCULINO,44.0,5/3/2020,2020-04-09,2020-05-03,40-49
562,2020-0024,4/24/2020,2020,4,24,CONDUCTOR,AUTO,MASCULINO,53.0,4/24/2020,2020-04-24,2020-04-24,50-59
563,2020-0025,5/12/2020,2020,5,12,PEATON,PEATON,MASCULINO,,5/12/2020,2020-05-12,2020-05-12,
564,2020-0026,5/17/2020,2020,5,17,CONDUCTOR,MOTO,MASCULINO,28.0,5/17/2020,2020-05-17,2020-05-17,18-29
565,2020-0027,5/18/2020,2020,5,18,PEATON,PEATON,MASCULINO,76.0,5/18/2020,2020-05-18,2020-05-18,60+
566,2020-0028,5/19/2020,2020,5,19,PEATON,PEATON,MASCULINO,91.0,5/23/2020,2020-05-19,2020-05-23,60+
567,2020-0029,6/10/2020,2020,6,10,PEATON,PEATON,MASCULINO,80.0,6/12/2020,2020-06-10,2020-06-12,60+
568,2020-0030,6/16/2020,2020,6,16,CONDUCTOR,MOTO,MASCULINO,40.0,6/16/2020,2020-06-16,2020-06-16,40-49
569,2020-0031,6/30/2020,2020,6,30,CONDUCTOR,MOTO,MASCULINO,29.0,6/30/2020,2020-06-30,2020-06-30,18-29
570,2020-0032,7/10/2020,2020,7,10,CONDUCTOR,MOTO,MASCULINO,21.0,7/10/2020,2020-07-10,2020-07-10,18-29
571,2020-0033,7/19/2020,2020,7,19,CONDUCTOR,AUTO,MASCULINO,32.0,7/19/2020,2020-07-19,2020-07-19,30-39
572,2020-0034,8/2/2020,2020,8,2,PEATON,PEATON,FEMENINO,,8/2/2020,2020-08-02,2020-08-02,
573,2020-0035,8/4/2020,2020,8,4,CONDUCTOR,MOTO,MASCULINO,40.0,8/4/2020,2020-08-04,2020-08-04,40-49
574,2020-0036,8/7/2020,2020,8,7,PEATON,PEATON,MASCULINO,72.0,8/22/2020,2020-08-07,2020-08-22,60+
575,2020-0037,8/29/2020,2020,8,29,PEATON,PEATON,MASCULINO,38.0,8/29/2020,2020-08-29,2020-08-29,30-39
576,2020-0038,8/30/2020,2020,8,30,CONDUCTOR,AUTO,MASCULINO,46.0,8/30/2020,2020-08-30,2020-08-30,40-49
577,2020-0038,8/30/2020,2020,8,30,CONDUCTOR,AUTO,MASCULINO,64.0,8/30/2020,2020-08-30,2020-08-30,60+
578,2020-0039,9/1/2020,2020,9,1,PEATON,PEATON,MASCULINO,44.0,9/1/2020,2020-09-01,2020-09-01,40-49
579,2020-0040,9/12/2020,2020,9,12,CONDUCTOR,AUTO,MASCULINO,,9/12/2020,2020-09-12,2020-09-12,
580,2020-0041,9/28/2020,2020,9,28,CONDUCTOR,MOTO,MASCULINO,34.0,9/28/2020,2020-09-28,2020-09-28,30-39
581,2020-0042,9/29/2020,2020,9,29,PEATON,PEATON,FEMENINO,53.0,9/29/2020,2020-09-29,2020-09-29,50-59
582,2020-0043,9/30/2020,2020,9,30,PEATON,PEATON,MASCULINO,64.0,9/30/2020,2020-09-30,2020-09-30,60+
583,2020-0044,10/5/2020,2020,10,5,CONDUCTOR,AUTO,MASCULINO,43.0,10/5/2020,2020-10-05,2020-10-05,40-49
584,2020-0045,10/19/2020,2020,10,19,CONDUCTOR,AUTO,MASCULINO,50.0,10/19/2020,2020-10-19,2020-10-19,50-59
585,2020-0046,10/27/2020,2020,10,27,CONDUCTOR,MOTO,MASCULINO,41.0,10/27/2020,2020-10-27,2020-10-27,40-49
586,2020-0047,10/27/2020,2020,10,27,PEATON,PEATON,MASCULINO,15.0,10/27/2020,2020-10-27,2020-10-27,0-17
587,2020-0048,10/29/2020,2020,10,29,CONDUCTOR,MOTO,MASCULINO,41.0,10/29/2020,2020-10-29,2020-10-29,40-49
588,2020-0049,10/30/2020,2020,10,30,PEATON,PEATON,MASCULINO,36.0,10/30/2020,2020-10-30,2020-10-30,30-39
589,2020-0050,11/1/2020,2020,11,1,PEATON,PEATON,FEMENINO,28.0,11/1/2020,2020-11-01,2020-11-01,18-29
590,2020-0051,11/5/2020,2020,11,5,CONDUCTOR,MOTO,MASCULINO,49.0,11/5/2020,2020-11-05,2020-11-05,40-49
591,2020-0052,11/7/2020,2020,11,7,CICLISTA,BICICLETA,MASCULINO,44.0,11/7/2020,2020-11-07,2020-11-07,40-49
592,2020-0053,11/9/2020,2020,11,9,PASAJERO_ACOMPAÑANTE,AUTO,MASCULINO,27.0,11/9/2020,2020-11-09,2020-11-09,18-29
593,2020-0054,11/19/2020,2020,11,19,CICLISTA,BICICLETA,MASCULINO,59.0,11/23/2020,2020-11-19,2020-11-23,50-59
594,2020-0055,11/19/2020,2020,11,19,PEATON,PEATON,MASCULINO,91.0,12/11/2020,2020-11-19,2020-12-11,60+
595,2020-0056,11/21/2020,2020,11,21,CONDUCTOR,MOTO,FEMENINO,34.0,11/21/2020,2020-11-21,2020-11-21,30-39
596,2020-0057,11/23/2020,2020,11,23,PEATON,PEATON,MASCULINO,84.0,11/23/2020,2020-11-23,2020-11-23,60+
597,2020-0058,11/24/2020,2020,11,24,PEATON,PEATON,MASCULINO,57.0,11/25/2020,2020-11-24,2020-11-25,50-59
598,2020-0059,12/1/2020,2020,12,1,PEATON,PEATON,FEMENINO,49.0,12/14/2020,2020-12-01,2020-12-14,40-49
599,2020-0060,12/3/2020,2020,12,3,PEATON,PEATON,FEMENINO,69.0,12/3/2020,2020-12-03,2020-12-03,60+
600,2020-0061,12/3/2020,2020,12,3,CONDUCTOR,MOTO,MASCULINO,45.0,12/4/2020,2020-12-03,2020-12-04,40-49
601,2020-0062,12/4/2020,2020,12,4,CICLISTA,BICICLETA,MASCULINO,47.0,12/4/2020,2020-12-04,2020-12-04,40-49
602,2020-0063,12/5/2020,2020,12,5,PEATON,PEATON,MASCULINO,38.0,12/5/2020,2020-12-05,2020-12-05,30-39
603,2020-0063,12/5/2020,2020,12,5,PASAJERO_ACOMPAÑANTE,MOTO,MASCULINO,21.0,12/5/2020,2020-12-05,2020-12-05,18-29
604,2020-0065,12/5/2020,2020,12,5,CONDUCTOR,MOTO,MASCULINO,24.0,12/6/2020,2020-12-05,2020-12-06,18-29
605,2020-0066,12/7/2020,2020,12,7,CONDUCTOR,MOTO,MASCULINO,27.0,12/7/2020,2020-12-07,2020-12-07,18-29
606,2020-0067,12/11/2020,2020,12,11,PEATON,PEATON,MASCULINO,51.0,12/11/2020,2020-12-11,2020-12-11,50-59
607,2020-0068,12/12/2020,2020,12,12,CONDUCTOR,MOTO,MASCULINO,71.0,12/20/2020,2020-12-12,2020-12-20,60+
608,2020-0069,12/15/2020,2020,12,15,PASAJERO_ACOMPAÑANTE,MOTO,MASCULINO,25.0,12/15/2020,2020-12-15,2020-12-15,18-29
609,2020-0070,12/17/2020,2020,12,17,PEATON,PEATON,FEMENINO,81.0,12/22/2020,2020-12-17,2020-12-22,60+
610,2020-0071,12/17/2020,2020,12,17,PEATON,PEATON,MASCULINO,4.0,12/17/2020,2020-12-17,2020-12-17,0-17
611,2020-0072,12/19/2020,2020,12,19,CICLISTA,BICICLETA,MASCULINO,42.0,12/19/2020,2020-12-19,2020-12-19,40-49
612,2020-0073,12/20/2020,2020,12,20,CONDUCTOR,MOTO,MASCULINO,56.0,12/20/2020,2020-12-20,2020-12-20,50-59
613,2020-0074,12/20/2020,2020,12,20,CONDUCTOR,AUTO,MASCULINO,39.0,12/20/2020,2020-12-20,2020-12-20,30-39
614,2020-0075,12/23/2020,2020,12,23,PEATON,PEATON,MASCULINO,23.0,12/23/2020,2020-12-23,2020-12-23,18-29
615,2020-0076,12/24/2020,2020,12,24,CONDUCTOR,AUTO,FEMENINO,78.0,1/17/2021,2020-12-24,2021-01-17,60+
616,2020-0077,12/25/2020,2020,12,25,CONDUCTOR,MOTO,FEMENINO,30.0,12/25/2020,2020-12-25,2020-12-25,30-39
617,2020-0077,12/25/2020,2020,12,25,PASAJERO_ACOMPAÑANTE,MOTO,FEMENINO,24.0,12/25/2020,2020-12-25,2020-12-25,18-29
618,2020-0078,12/25/2020,2020,12,25,CICLISTA,BICICLETA,MASCULINO,26.0,12/25/2020,2020-12-25,2020-12-25,18-29
619,2020-0079,12/27/2020,2020,12,27,CONDUCTOR,MOTO,MASCULINO,28.0,12/27/2020,2020-12-27,2020-12-27,18-29
620,2021-0001,1/6/2021,2021,1,6,CONDUCTOR,MOTO,MASCULINO,36.0,1/6/2021,2021-01-06,2021-01-06,30-39
621,2021-0002,1/7/2021,2021,1,7,CONDUCTOR,MOTO,FEMENINO,47.0,1/7/2021,2021-01-07,2021-01-07,40-49
622,2021-0003,1/10/2021,2021,1,10,CONDUCTOR,MOTO,MASCULINO,27.0,1/10/2021,2021-01-10,2021-01-10,18-29
623,2021-0004,1/11/2021,2021,1,11,PEATON,PEATON,FEMENINO,61.0,1/11/2021,2021-01-11,2021-01-11,60+
624,2021-0005,1/11/2021,2021,1,11,PEATON,PEATON,MASCULINO,73.0,1/14/2021,2021-01-11,2021-01-14,60+
625,2021-0006,1/12/2021,2021,1,12,PASAJERO_ACOMPAÑANTE,MOTO,FEMENINO,23.0,1/12/2021,2021-01-12,2021-01-12,18-29
626,2021-0007,1/18/2021,2021,1,18,CONDUCTOR,MOTO,MASCULINO,84.0,1/26/2021,2021-01-18,2021-01-26,60+
627,2021-0008,1/22/2021,2021,1,22,PEATON,PEATON,MASCULINO,28.0,1/22/2021,2021-01-22,2021-01-22,18-29
628,2021-0009,1/23/2021,2021,1,23,CONDUCTOR,MOTO,MASCULINO,31.0,1/23/2021,2021-01-23,2021-01-23,30-39
629,2021-0010,1/23/2021,2021,1,23,CONDUCTOR,MOTO,MASCULINO,28.0,1/23/2021,2021-01-23,2021-01-23,18-29
630,2021-0011,1/27/2021,2021,1,27,PEATON,PEATON,MASCULINO,21.0,1/27/2021,2021-01-27,2021-01-27,18-29
631,2021-0012,1/29/2021,2021,1,29,PEATON,PEATON,MASCULINO,,1/29/2021,2021-01-29,2021-01-29,
632,2021-0013,1/31/2021,2021,1,31,CONDUCTOR,MOTO,MASCULINO,41.0,1/31/2021,2021-01-31,2021-01-31,40-49
633,2021-0014,2/2/2021,2021,2,2,PEATON,PEATON,MASCULINO,28.0,2/18/2021,2021-02-02,2021-02-18,18-29
634,2021-0015,2/6/2021,2021,2,6,CONDUCTOR,MOTO,MASCULINO,26.0,2/6/2021,2021-02-06,2021-02-06,18-29
635,2021-0016,2/14/2021,2021,2,14,CONDUCTOR,AUTO,MASCULINO,22.0,2/14/2021,2021-02-14,2021-02-14,18-29
636,2021-0017,2/17/2021,2021,2,17,CONDUCTOR,MOTO,MASCULINO,33.0,2/17/2021,2021-02-17,2021-02-17,30-39
637,2021-0018,2/20/2021,2021,2,20,PEATON,PEATON,MASCULINO,36.0,3/8/2021,2021-02-20,2021-03-08,30-39
638,2021-0019,2/21/2021,2021,2,21,CONDUCTOR,MOTO,MASCULINO,30.0,2/21/2021,2021-02-21,2021-02-21,30-39
639,2021-0020,2/21/2021,2021,2,21,PEATON,PEATON,FEMENINO,,2/21/2021,2021-02-21,2021-02-21,
640,2021-0021,2/26/2021,2021,2,26,CONDUCTOR,MOTO,MASCULINO,39.0,3/4/2021,2021-02-26,2021-03-04,30-39
641,2021-0022,2/28/2021,2021,2,28,PASAJERO_ACOMPAÑANTE,PASAJEROS,MASCULINO,68.0,3/6/2021,2021-02-28,2021-03-06,60+
642,2021-0023,3/1/2021,2021,3,1,CONDUCTOR,MOTO,MASCULINO,24.0,3/1/2021,2021-03-01,2021-03-01,18-29
643,2021-0024,3/3/2021,2021,3,3,CICLISTA,BICICLETA,MASCULINO,5.0,3/3/2021,2021-03-03,2021-03-03,0-17
644,2021-0025,3/11/2021,2021,3,11,CONDUCTOR,MOTO,MASCULINO,37.0,3/11/2021,2021-03-11,2021-03-11,30-39
645,2021-0026,3/15/2021,2021,3,15,CONDUCTOR,MOTO,MASCULINO,36.0,3/15/2021,2021-03-15,2021-03-15,30-39
646,2021-0027,3/16/2021,2021,3,16,CONDUCTOR,MOTO,FEMENINO,19.0,3/16/2021,2021-03-16,2021-03-16,18-29
647,2021-0028,3/29/2021,2021,3,29,PEATON,PEATON,MASCULINO,,3/29/2021,2021-03-29,2021-03-29,
648,2021-0029,3/31/2021,2021,3,31,CONDUCTOR,AUTO,MASCULINO,26.0,4/2/2021,2021-03-31,2021-04-02,18-29
649,2021-0030,4/3/2021,2021,4,3,PEATON,PEATON,MASCULINO,36.0,4/7/2021,2021-04-03,2021-04-07,30-39
650,2021-0031,4/7/2021,2021,4,7,PEATON,PEATON,FEMENINO,68.0,4/11/2021,2021-04-07,2021-04-11,60+
651,2021-0032,4/10/2021,2021,4,10,PEATON,PEATON,MASCULINO,60.0,4/29/2021,2021-04-10,2021-04-29,60+
652,2021-0033,4/14/2021,2021,4,14,CONDUCTOR,AUTO,MASCULINO,33.0,4/14/2021,2021-04-14,2021-04-14,30-39
653,2021-0034,4/19/2021,2021,4,19,PASAJERO_ACOMPAÑANTE,MOTO,FEMENINO,26.0,4/19/2021,2021-04-19,2021-04-19,18-29
654,2021-0035,5/3/2021,2021,5,3,CONDUCTOR,MOTO,MASCULINO,24.0,5/3/2021,2021-05-03,2021-05-03,18-29
655,2021-0036,5/9/2021,2021,5,9,CONDUCTOR,MOTO,MASCULINO,36.0,5/9/2021,2021-05-09,2021-05-09,30-39
656,2021-0037,5/11/2021,2021,5,11,PEATON,PEATON,FEMENINO,58.0,5/11/2021,2021-05-11,2021-05-11,50-59
657,2021-0038,5/14/2021,2021,5,14,CONDUCTOR,MOTO,FEMENINO,44.0,5/14/2021,2021-05-14,2021-05-14,40-49
658,2021-0039,5/15/2021,2021,5,15,CICLISTA,BICICLETA,MASCULINO,86.0,6/5/2021,2021-05-15,2021-06-05,60+
659,2021-0040,5/20/2021,2021,5,20,CONDUCTOR,MOTO,MASCULINO,27.0,5/20/2021,2021-05-20,2021-05-20,18-29
660,2021-0041,5/20/2021,2021,5,20,PEATON,PEATON,MASCULINO,75.0,5/20/2021,2021-05-20,2021-05-20,60+
661,2021-0042,5/21/2021,2021,5,21,PEATON,PEATON,MASCULINO,39.0,5/21/2021,2021-05-21,2021-05-21,30-39
662,2021-0043,5/22/2021,2021,5,22,PEATON,PEATON,MASCULINO,50.0,5/22/2021,2021-05-22,2021-05-22,50-59
663,2021-0044,5/25/2021,2021,5,25,PASAJERO_ACOMPAÑANTE,MOTO,MASCULINO,21.0,5/25/2021,2021-05-25,2021-05-25,18-29
664,2021-0045,5/26/2021,2021,5,26,CONDUCTOR,MOTO,MASCULINO,22.0,5/26/2021,2021-05-26,2021-05-26,18-29
665,2021-0046,5/31/2021,2021,5,31,PASAJERO_ACOMPAÑANTE,AUTO,MASCULINO,20.0,5/31/2021,2021-05-31,2021-05-31,18-29
666,2021-0047,6/2/2021,2021,6,2,CONDUCTOR,MOTO,MASCULINO,59.0,6/2/2021,2021-06-02,2021-06-02,50-59
667,2021-0048,6/3/2021,2021,6,3,CICLISTA,BICICLETA,MASCULINO,44.0,6/23/2021,2021-06-03,2021-06-23,40-49
668,2021-0049,6/3/2021,2021,6,3,CONDUCTOR,AUTO,MASCULINO,74.0,6/3/2021,2021-06-03,2021-06-03,60+
669,2021-0050,6/10/2021,2021,6,10,CONDUCTOR,MOTO,MASCULINO,56.0,6/10/2021,2021-06-10,2021-06-10,50-59
670,2021-0051,6/15/2021,2021,6,15,PEATON,PEATON,MASCULINO,73.0,6/16/2021,2021-06-15,2021-06-16,60+
671,2021-0052,6/20/2021,2021,6,20,PASAJERO_ACOMPAÑANTE,MOTO,FEMENINO,19.0,6/20/2021,2021-06-20,2021-06-20,18-29
672,2021-0053,6/20/2021,2021,6,20,PEATON,PEATON,MASCULINO,58.0,6/30/2021,2021-06-20,2021-06-30,50-59
673,2021-0054,6/22/2021,2021,6,22,CONDUCTOR,MOTO,MASCULINO,41.0,6/22/2021,2021-06-22,2021-06-22,40-49
674,2021-0055,6/29/2021,2021,6,29,PASAJERO_ACOMPAÑANTE,MOTO,MASCULINO,47.0,6/29/2021,2021-06-29,2021-06-29,40-49
675,2021-0056,7/9/2021,2021,7,9,CICLISTA,BICICLETA,MASCULINO,60.0,7/9/2021,2021-07-09,2021-07-09,60+
676,2021-0057,7/10/2021,2021,7,10,CONDUCTOR,AUTO,MASCULINO,46.0,7/10/2021,2021-07-10,2021-07-10,40-49
677,2021-0058,7/21/2021,2021,7,21,PEATON,PEATON,MASCULINO,24.0,7/21/2021,2021-07-21,2021-07-21,18-29
678,2021-0059,7/22/2021,2021,7,22,PASAJERO_ACOMPAÑANTE,AUTO,FEMENINO,44.0,7/22/2021,2021-07-22,2021-07-22,40-49
679,2021-0060,7/22/2021,2021,7,22,PEATON,PEATON,FEMENINO,80.0,7/22/2021,2021-07-22,2021-07-22,60+
680,2021-0061,7/24/2021,2021,7,24,PEATON,PEATON,FEMENINO,55.0,7/24/2021,2021-07-24,2021-07-24,50-59
681,2021-0062,7/27/2021,2021,7,27,CONDUCTOR,AUTO,MASCULINO,73.0,7/27/2021,2021-07-27,2021-07-27,60+
682,2021-0063,8/2/2021,2021,8,2,PASAJERO_ACOMPAÑANTE,AUTO,FEMENINO,31.0,8/2/2021,2021-08-02,2021-08-02,30-39
683,2021-0064,8/2/2021,2021,8,2,PEATON,PEATON,MASCULINO,37.0,8/3/2021,2021-08-02,2021-08-03,30-39
684,2021-0065,8/6/2021,2021,8,6,PEATON,PEATON,FEMENINO,63.0,8/10/2021,2021-08-06,2021-08-10,60+
685,2021-0066,8/6/2021,2021,8,6,PEATON,PEATON,MASCULINO,59.0,8/9/2021,2021-08-06,2021-08-09,50-59
686,2021-0067,8/8/2021,2021,8,8,CONDUCTOR,MOTO,MASCULINO,27.0,8/8/2021,2021-08-08,2021-08-08,18-29
687,2021-0068,8/15/2021,2021,8,15,CONDUCTOR,MOTO,MASCULINO,39.0,8/15/2021,2021-08-15,2021-08-15,30-39
688,2021-0069,8/20/2021,2021,8,20,PEATON,PEATON,MASCULINO,17.0,8/21/2021,2021-08-20,2021-08-21,0-17
689,2021-0070,8/28/2021,2021,8,28,CONDUCTOR,MOTO,MASCULINO,31.0,8/28/2021,2021-08-28,2021-08-28,30-39
690,2021-0071,8/31/2021,2021,8,31,PEATON,PEATON,MASCULINO,88.0,9/1/2021,2021-08-31,2021-09-01,60+
691,2021-0072,9/1/2021,2021,9,1,PEATON,PEATON,FEMENINO,57.0,9/1/2021,2021-09-01,2021-09-01,50-59
692,2021-0073,9/18/2021,2021,9,18,CICLISTA,BICICLETA,FEMENINO,76.0,9/18/2021,2021-09-18,2021-09-18,60+
693,2021-0074,9/20/2021,2021,9,20,CONDUCTOR,MOTO,MASCULINO,55.0,9/20/2021,2021-09-20,2021-09-20,50-59
694,2021-0075,9/21/2021,2021,9,21,PEATON,PEATON,MASCULINO,65.0,9/21/2021,2021-09-21,2021-09-21,60+
695,2021-0076,10/16/2021,2021,10,16,CONDUCTOR,MOTO,MASCULINO,31.0,10/16/2021,2021-10-16,2021-10-16,30-39
696,2021-0077,10/18/2021,2021,10,18,CONDUCTOR,MOTO,FEMENINO,31.0,10/18/2021,2021-10-18,2021-10-18,30-39
697,2021-0078,10/23/2021,2021,10,23,CONDUCTOR,MOTO,MASCULINO,22.0,10/23/2021,2021-10-23,2021-10-23,18-29
698,2021-0079,10/25/2021,2021,10,25,PEATON,PEATON,MASCULINO,,10/25/2021,2021-10-25,2021-10-25,
699,2021-0080,10/28/2021,2021,10,28,CONDUCTOR,MOTO,MASCULINO,32.0,10/28/2021,2021-10-28,2021-10-28,30-39
700,2021-0081,11/2/2021,2021,11,2,CONDUCTOR,MOTO,MASCULINO,26.0,11/2/2021,2021-11-02,2021-11-02,18-29
701,2021-0082,11/6/2021,2021,11,6,CONDUCTOR,MOTO,MASCULINO,38.0,11/6/2021,2021-11-06,2021-11-06,30-39
702,2021-0083,11/9/2021,2021,11,9,CONDUCTOR,MOTO,MASCULINO,30.0,11/9/2021,2021-11-09,2021-11-09,30-39
703,2021-0084,11/11/2021,2021,11,11,CONDUCTOR,AUTO,MASCULINO,32.0,11/11/2021,2021-11-11,2021-11-11,30-39
704,2021-0097,11/18/2021,2021,11,18,CICLISTA,BICICLETA,MASCULINO,53.0,11/19/2021,2021-11-18,2021-11-19,50-59
705,2021-0085,11/20/2021,2021,11,20,CONDUCTOR,MOTO,MASCULINO,49.0,11/20/2021,2021-11-20,2021-11-20,40-49
706,2021-0086,11/25/2021,2021,11,25,PEATON,PEATON,MASCULINO,75.0,11/25/2021,2021-11-25,2021-11-25,60+
707,2021-0087,11/27/2021,2021,11,27,PEATON,PEATON,FEMENINO,73.0,11/27/2021,2021-11-27,2021-11-27,60+
708,2021-0088,12/1/2021,2021,12,1,CONDUCTOR,MOTO,MASCULINO,45.0,12/7/2021,2021-12-01,2021-12-07,40-49
709,2021-0089,12/2/2021,2021,12,2,CONDUCTOR,MOTO,MASCULINO,41.0,12/11/2021,2021-12-02,2021-12-11,40-49
710,2021-0090,12/10/2021,2021,12,10,PEATON,PEATON,MASCULINO,73.0,1/3/2022,2021-12-10,2022-01-03,60+
711,2021-0091,12/11/2021,2021,12,11,CONDUCTOR,MOTO,MASCULINO,24.0,12/11/2021,2021-12-11,2021-12-11,18-29
712,2021-0092,12/12/2021,2021,12,12,PEATON,PEATON,FEMENINO,50.0,12/12/2021,2021-12-12,2021-12-12,50-59
713,2021-0093,12/13/2021,2021,12,13,PASAJERO_ACOMPAÑANTE,MOTO,FEMENINO,18.0,12/18/2021,2021-12-13,2021-12-18,18-29
714,2021-0094,12/20/2021,2021,12,20,PASAJERO_ACOMPAÑANTE,MOTO,FEMENINO,43.0,12/20/2021,2021-12-20,2021-12-20,40-49
715,2021-0095,12/30/2021,2021,12,30,CONDUCTOR,MOTO,MASCULINO,27.0,1/2/2022,2021-12-30,2022-01-02,18-29
716,2021-0096,12/15/2021,2021,12,15,CONDUCTOR,AUTO,MASCULINO,60.0,12/20/2021,2021-12-15,2021-12-20,60+
